label,pixel_0,pixel_1,pixel_2,pixel_3,pixel_4,pixel_5,pixel_6,pixel_7,pixel_8,pixel_9,pixel_10,pixel_11,pixel_12,pixel_13,pixel_14,pixel_15,pixel_16,pixel_17,pixel_18,pixel_19,pixel_20,pixel_21,pixel_22,pixel_23,pixel_24,pixel_25,pixel_26,pixel_27,pixel_28,pixel_29,pixel_30,pixel_31,pixel_32,pixel_33,pixel_34,pixel_35,pixel_36,pixel_37,pixel_38,pixel_39,pixel_40,pixel_41,pixel_42,pixel_43,pixel_44,pixel_45,pixel_46,pixel_47,pixel_48,pixel_49,pixel_50,pixel_51,pixel_52,pixel_53,pixel_54,pixel_55,pixel_56,pixel_57,pixel_58,pixel_59,pixel_60,pixel_61,pixel_62,pixel_63,pixel_64,pixel_65,pixel_66,pixel_67,pixel_68,pixel_69,pixel_70,pixel_71,pixel_72,pixel_73,pixel_74,pixel_75,pixel_76,pixel_77,pixel_78,pixel_79,pixel_80,pixel_81,pixel_82,pixel_83,pixel_84,pixel_85,pixel_86,pixel_87,pixel_88,pixel_89,pixel_90,pixel_91,pixel_92,pixel_93,pixel_94,pixel_95,pixel_96,pixel_97,pixel_98,pixel_99,pixel_100,pixel_101,pixel_102,pixel_103,pixel_104,pixel_105,pixel_106,pixel_107,pixel_108,pixel_109,pixel_110,pixel_111,pixel_112,pixel_113,pixel_114,pixel_115,pixel_116,pixel_117,pixel_118,pixel_119,pixel_120,pixel_121,pixel_122,pixel_123,pixel_124,pixel_125,pixel_126,pixel_127,pixel_128,pixel_129,pixel_130,pixel_131,pixel_132,pixel_133,pixel_134,pixel_135,pixel_136,pixel_137,pixel_138,pixel_139,pixel_140,pixel_141,pixel_142,pixel_143,pixel_144,pixel_145,pixel_146,pixel_147,pixel_148,pixel_149,pixel_150,pixel_151,pixel_152,pixel_153,pixel_154,pixel_155,pixel_156,pixel_157,pixel_158,pixel_159,pixel_160,pixel_161,pixel_162,pixel_163,pixel_164,pixel_165,pixel_166,pixel_167,pixel_168,pixel_169,pixel_170,pixel_171,pixel_172,pixel_173,pixel_174,pixel_175,pixel_176,pixel_177,pixel_178,pixel_179,pixel_180,pixel_181,pixel_182,pixel_183,pixel_184,pixel_185,pixel_186,pixel_187,pixel_188,pixel_189,pixel_190,pixel_191,pixel_192,pixel_193,pixel_194,pixel_195,pixel_196,pixel_197,pixel_198,pixel_199,pixel_200,pixel_201,pixel_202,pixel_203,pixel_204,pixel_205,pixel_206,pixel_207,pixel_208,pixel_209,pixel_210,pixel_211,pixel_212,pixel_213,pixel_214,pixel_215,pixel_216,pixel_217,pixel_218,pixel_219,pixel_220,pixel_221,pixel_222,pixel_223,pixel_224,pixel_225,pixel_226,pixel_227,pixel_228,pixel_229,pixel_230,pixel_231,pixel_232,pixel_233,pixel_234,pixel_235,pixel_236,pixel_237,pixel_238,pixel_239,pixel_240,pixel_241,pixel_242,pixel_243,pixel_244,pixel_245,pixel_246,pixel_247,pixel_248,pixel_249,pixel_250,pixel_251,pixel_252,pixel_253,pixel_254,pixel_255,pixel_256,pixel_257,pixel_258,pixel_259,pixel_260,pixel_261,pixel_262,pixel_263,pixel_264,pixel_265,pixel_266,pixel_267,pixel_268,pixel_269,pixel_270,pixel_271,pixel_272,pixel_273,pixel_274,pixel_275,pixel_276,pixel_277,pixel_278,pixel_279,pixel_280,pixel_281,pixel_282,pixel_283,pixel_284,pixel_285,pixel_286,pixel_287,pixel_288,pixel_289,pixel_290,pixel_291,pixel_292,pixel_293,pixel_294,pixel_295,pixel_296,pixel_297,pixel_298,pixel_299,pixel_300,pixel_301,pixel_302,pixel_303,pixel_304,pixel_305,pixel_306,pixel_307,pixel_308,pixel_309,pixel_310,pixel_311,pixel_312,pixel_313,pixel_314,pixel_315,pixel_316,pixel_317,pixel_318,pixel_319,pixel_320,pixel_321,pixel_322,pixel_323,pixel_324,pixel_325,pixel_326,pixel_327,pixel_328,pixel_329,pixel_330,pixel_331,pixel_332,pixel_333,pixel_334,pixel_335,pixel_336,pixel_337,pixel_338,pixel_339,pixel_340,pixel_341,pixel_342,pixel_343,pixel_344,pixel_345,pixel_346,pixel_347,pixel_348,pixel_349,pixel_350,pixel_351,pixel_352,pixel_353,pixel_354,pixel_355,pixel_356,pixel_357,pixel_358,pixel_359,pixel_360,pixel_361,pixel_362,pixel_363,pixel_364,pixel_365,pixel_366,pixel_367,pixel_368,pixel_369,pixel_370,pixel_371,pixel_372,pixel_373,pixel_374,pixel_375,pixel_376,pixel_377,pixel_378,pixel_379,pixel_380,pixel_381,pixel_382,pixel_383,pixel_384,pixel_385,pixel_386,pixel_387,pixel_388,pixel_389,pixel_390,pixel_391,pixel_392,pixel_393,pixel_394,pixel_395,pixel_396,pixel_397,pixel_398,pixel_399,pixel_400,pixel_401,pixel_402,pixel_403,pixel_404,pixel_405,pixel_406,pixel_407,pixel_408,pixel_409,pixel_410,pixel_411,pixel_412,pixel_413,pixel_414,pixel_415,pixel_416,pixel_417,pixel_418,pixel_419,pixel_420,pixel_421,pixel_422,pixel_423,pixel_424,pixel_425,pixel_426,pixel_427,pixel_428,pixel_429,pixel_430,pixel_431,pixel_432,pixel_433,pixel_434,pixel_435,pixel_436,pixel_437,pixel_438,pixel_439,pixel_440,pixel_441,pixel_442,pixel_443,pixel_444,pixel_445,pixel_446,pixel_447,pixel_448,pixel_449,pixel_450,pixel_451,pixel_452,pixel_453,pixel_454,pixel_455,pixel_456,pixel_457,pixel_458,pixel_459,pixel_460,pixel_461,pixel_462,pixel_463,pixel_464,pixel_465,pixel_466,pixel_467,pixel_468,pixel_469,pixel_470,pixel_471,pixel_472,pixel_473,pixel_474,pixel_475,pixel_476,pixel_477,pixel_478,pixel_479,pixel_480,pixel_481,pixel_482,pixel_483,pixel_484,pixel_485,pixel_486,pixel_487,pixel_488,pixel_489,pixel_490,pixel_491,pixel_492,pixel_493,pixel_494,pixel_495,pixel_496,pixel_497,pixel_498,pixel_499,pixel_500,pixel_501,pixel_502,pixel_503,pixel_504,pixel_505,pixel_506,pixel_507,pixel_508,pixel_509,pixel_510,pixel_511,pixel_512,pixel_513,pixel_514,pixel_515,pixel_516,pixel_517,pixel_518,pixel_519,pixel_520,pixel_521,pixel_522,pixel_523,pixel_524,pixel_525,pixel_526,pixel_527,pixel_528,pixel_529,pixel_530,pixel_531,pixel_532,pixel_533,pixel_534,pixel_535,pixel_536,pixel_537,pixel_538,pixel_539,pixel_540,pixel_541,pixel_542,pixel_543,pixel_544,pixel_545,pixel_546,pixel_547,pixel_548,pixel_549,pixel_550,pixel_551,pixel_552,pixel_553,pixel_554,pixel_555,pixel_556,pixel_557,pixel_558,pixel_559,pixel_560,pixel_561,pixel_562,pixel_563,pixel_564,pixel_565,pixel_566,pixel_567,pixel_568,pixel_569,pixel_570,pixel_571,pixel_572,pixel_573,pixel_574,pixel_575,pixel_576,pixel_577,pixel_578,pixel_579,pixel_580,pixel_581,pixel_582,pixel_583,pixel_584,pixel_585,pixel_586,pixel_587,pixel_588,pixel_589,pixel_590,pixel_591,pixel_592,pixel_593,pixel_594,pixel_595,pixel_596,pixel_597,pixel_598,pixel_599,pixel_600,pixel_601,pixel_602,pixel_603,pixel_604,pixel_605,pixel_606,pixel_607,pixel_608,pixel_609,pixel_610,pixel_611,pixel_612,pixel_613,pixel_614,pixel_615,pixel_616,pixel_617,pixel_618,pixel_619,pixel_620,pixel_621,pixel_622,pixel_623,pixel_624,pixel_625,pixel_626,pixel_627,pixel_628,pixel_629,pixel_630,pixel_631,pixel_632,pixel_633,pixel_634,pixel_635,pixel_636,pixel_637,pixel_638,pixel_639,pixel_640,pixel_641,pixel_642,pixel_643,pixel_644,pixel_645,pixel_646,pixel_647,pixel_648,pixel_649,pixel_650,pixel_651,pixel_652,pixel_653,pixel_654,pixel_655,pixel_656,pixel_657,pixel_658,pixel_659,pixel_660,pixel_661,pixel_662,pixel_663,pixel_664,pixel_665,pixel_666,pixel_667,pixel_668,pixel_669,pixel_670,pixel_671,pixel_672,pixel_673,pixel_674,pixel_675,pixel_676,pixel_677,pixel_678,pixel_679,pixel_680,pixel_681,pixel_682,pixel_683,pixel_684,pixel_685,pixel_686,pixel_687,pixel_688,pixel_689,pixel_690,pixel_691,pixel_692,pixel_693,pixel_694,pixel_695,pixel_696,pixel_697,pixel_698,pixel_699,pixel_700,pixel_701,pixel_702,pixel_703,pixel_704,pixel_705,pixel_706,pixel_707,pixel_708,pixel_709,pixel_710,pixel_711,pixel_712,pixel_713,pixel_714,pixel_715,pixel_716,pixel_717,pixel_718,pixel_719,pixel_720,pixel_721,pixel_722,pixel_723,pixel_724,pixel_725,pixel_726,pixel_727,pixel_728,pixel_729,pixel_730,pixel_731,pixel_732,pixel_733,pixel_734,pixel_735,pixel_736,pixel_737,pixel_738,pixel_739,pixel_740,pixel_741,pixel_742,pixel_743,pixel_744,pixel_745,pixel_746,pixel_747,pixel_748,pixel_749,pixel_750,pixel_751,pixel_752,pixel_753,pixel_754,pixel_755,pixel_756,pixel_757,pixel_758,pixel_759,pixel_760,pixel_761,pixel_762,pixel_763,pixel_764,pixel_765,pixel_766,pixel_767,pixel_768,pixel_769,pixel_770,pixel_771,pixel_772,pixel_773,pixel_774,pixel_775,pixel_776,pixel_777,pixel_778,pixel_779,pixel_780,pixel_781,pixel_782,pixel_783,sample_id
0,0,0,0,0,0,0,0,0,0,0,0,0,0,0,0,0,0,0,0,0,0,0,0,0,0,0,0,0,0,0,0,0,0,0,0,0,1,19,166,255,255,255,218,42,0,0,0,0,0,0,0,0,0,0,0,0,0,0,0,0,0,14,32,79,136,239,255,250,246,248,255,238,50,0,0,0,0,0,0,0,0,0,0,0,0,0,0,0,14,216,255,255,255,250,232,101,33,68,235,255,236,49,0,0,0,0,0,0,0,0,0,0,0,0,0,0,80,255,252,244,206,130,16,0,0,0,54,234,255,220,24,0,0,0,0,0,0,0,0,0,0,0,0,0,47,245,255,198,0,0,2,3,9,3,0,53,238,255,197,4,0,0,0,0,0,0,0,0,0,0,0,0,0,111,254,255,171,3,0,92,212,89,0,0,85,252,255,128,0,1,0,0,0,0,0,0,0,0,0,0,0,0,163,255,252,102,17,232,255,143,0,0,0,161,255,249,56,0,0,0,0,0,0,0,0,0,0,0,0,1,1,198,255,255,214,255,249,33,0,0,0,12,215,255,225,15,0,0,0,0,0,0,0,0,0,0,0,0,1,16,194,249,255,255,185,0,0,0,0,1,56,245,255,184,4,0,0,0,0,0,0,0,0,0,0,0,0,1,0,130,255,254,96,0,0,0,0,0,0,112,254,255,134,1,0,0,0,0,0,0,0,0,0,0,0,0,2,82,255,245,21,0,0,0,0,0,0,0,160,255,253,78,0,0,0,0,0,0,0,0,0,0,0,0,0,172,255,184,0,0,0,0,0,0,0,1,4,206,255,241,21,0,0,0,0,0,0,0,0,0,0,0,4,243,254,108,0,0,0,0,0,0,0,0,1,39,246,254,158,0,0,0,0,0,0,0,0,0,0,0,70,255,252,30,0,0,0,0,0,0,0,0,0,0,113,255,248,38,0,0,0,0,0,0,0,0,0,1,134,255,221,0,0,0,0,0,0,0,0,0,0,0,9,239,253,79,0,0,0,0,0,0,0,0,0,1,197,255,157,0,0,0,0,0,0,0,0,0,0,0,2,220,254,77,0,0,0,0,0,0,0,0,0,13,247,254,94,0,0,0,0,0,0,0,0,0,0,0,1,221,254,77,0,0,0,0,0,0,0,0,0,67,255,247,27,0,0,0,0,0,0,0,0,0,0,0,1,222,254,78,0,0,0,0,0,0,0,0,1,149,255,205,0,0,0,0,0,0,0,0,0,0,0,0,25,255,254,75,0,0,0,0,0,0,0,0,1,211,255,142,0,0,0,0,0,0,0,0,0,0,0,1,131,255,242,18,0,0,0,0,0,0,0,0,26,250,253,79,0,0,0,0,0,0,0,0,0,0,0,43,245,255,137,0,0,0,0,0,0,0,0,0,92,255,238,5,0,0,0,0,0,0,0,0,0,0,3,191,255,227,10,0,0,0,0,0,0,0,0,0,92,255,237,62,5,0,0,0,0,0,0,1,0,0,79,255,253,88,0,0,0,0,0,0,0,0,0,0,66,239,255,255,144,14,0,0,0,0,0,0,2,42,238,255,192,4,0,0,0,0,0,0,0,0,0,0,0,54,216,249,255,216,50,7,2,0,1,11,103,240,255,233,36,0,0,0,0,0,0,0,0,0,0,0,1,0,0,113,242,255,255,185,104,54,76,204,255,254,231,50,0,0,0,0,0,0,0,0,0,0,0,0,0,0,2,0,52,200,244,252,255,255,255,253,243,171,22,0,0,0,0,0,0,0,
1,0,0,0,0,0,0,0,0,0,0,0,3,0,55,234,255,255,159,0,6,0,0,0,0,0,0,0,0,0,0,0,0,0,0,0,0,0,0,1,0,10,140,255,248,255,149,0,6,0,0,0,0,0,0,0,0,0,0,0,0,0,0,0,0,0,0,3,0,62,239,255,254,255,152,0,6,0,0,0,0,0,0,0,0,0,0,0,0,0,0,0,0,0,1,0,23,166,255,252,254,255,151,0,6,0,0,0,0,0,0,0,0,0,0,0,0,0,0,0,0,0,3,0,82,255,251,255,253,255,151,0,6,0,0,0,0,0,0,0,0,0,0,0,0,0,0,0,0,1,0,12,142,255,251,255,253,255,151,0,6,0,0,0,0,0,0,0,0,0,0,0,0,0,0,0,0,3,0,45,212,255,254,255,253,255,151,0,6,0,0,0,0,0,0,0,0,0,0,0,0,0,0,0,0,2,0,98,255,250,255,255,253,255,151,0,6,0,0,0,0,0,0,0,0,0,0,0,0,0,0,0,1,0,31,178,255,255,241,225,255,255,151,0,6,0,0,0,0,0,0,0,0,0,0,0,0,0,0,1,0,10,135,255,251,255,151,118,255,254,153,0,6,0,0,0,0,0,0,0,0,0,0,0,0,0,0,3,0,48,222,255,255,202,51,139,255,255,152,0,6,0,1,0,0,0,0,0,0,0,0,0,0,0,0,3,0,50,225,255,242,108,0,146,255,255,152,0,6,0,0,0,0,0,0,0,0,0,0,0,0,0,0,3,0,48,220,255,221,58,5,144,255,255,152,0,7,0,2,1,1,0,0,0,0,0,0,0,0,0,0,1,0,16,132,237,155,9,12,142,255,255,153,0,4,0,0,0,0,0,0,0,0,0,0,0,0,0,0,0,0,0,0,0,0,0,12,142,255,255,151,0,14,17,18,18,15,3,0,0,0,0,0,0,0,0,0,0,0,0,2,4,3,0,12,141,255,255,154,9,143,219,212,220,191,67,0,2,0,0,0,0,0,0,0,0,0,0,0,0,0,0,12,142,255,252,219,203,255,252,255,255,255,158,0,6,0,0,0,0,0,0,0,0,0,0,0,0,1,0,10,139,255,251,255,255,254,255,247,243,238,123,0,5,0,0,0,0,0,0,0,0,0,0,0,0,1,0,18,151,255,251,255,255,255,213,114,85,67,5,0,0,0,0,0,0,0,0,0,0,0,0,1,0,0,23,140,250,254,255,254,249,169,24,0,0,0,1,0,0,0,0,0,0,0,0,0,0,1,0,0,0,37,173,255,252,255,255,227,86,0,3,1,1,1,0,0,0,0,0,0,0,0,0,0,0,0,1,9,65,207,255,251,255,253,255,145,0,10,0,0,0,0,0,0,0,0,0,0,0,0,0,0,4,19,74,180,254,255,253,255,254,252,255,155,0,5,0,1,0,0,0,0,0,0,0,0,0,0,3,40,116,203,255,255,251,253,255,255,255,255,255,142,0,6,0,0,0,0,0,0,0,0,0,0,3,0,42,213,255,255,253,255,255,255,248,238,230,241,188,37,0,1,0,0,0,0,0,0,0,0,0,0,4,0,58,242,251,255,255,248,239,208,120,39,3,8,2,0,1,0,0,0,0,0,0,0,0,0,0,0,0,0,0,0,0,0,0,0,0,0,0,0,0,0,0,0,0,0,0,0,0,0,0,0,0,0,0,0,0,0,0,0,0,0,0,0,0,0,0,0,0,0,0,0,0,0,0,0,0,0,0,0,0,0,
2,0,0,0,0,0,0,0,0,0,0,0,0,0,0,0,0,0,0,0,0,0,0,0,0,0,0,0,0,0,0,0,0,0,0,0,0,0,0,0,0,0,0,0,0,0,0,0,0,0,0,0,0,0,0,0,0,0,0,0,0,0,0,0,1,46,133,233,254,242,116,19,0,0,0,0,0,0,0,0,0,0,0,0,0,0,0,0,0,0,1,0,87,255,255,255,255,255,255,199,27,0,1,0,0,0,0,0,0,0,0,0,0,0,0,0,0,1,0,74,235,255,247,225,201,236,244,255,109,2,0,0,0,0,0,0,0,0,0,0,0,0,0,0,0,0,40,222,255,255,168,51,0,95,246,255,214,34,0,1,0,0,0,0,0,0,0,0,0,0,0,0,4,0,168,253,255,186,13,0,9,0,201,255,255,127,8,0,0,0,0,0,0,0,0,0,0,0,0,0,1,20,231,255,255,51,0,2,0,0,73,236,255,205,23,0,2,0,0,0,0,0,0,0,0,0,0,0,0,112,243,255,169,16,0,1,0,6,0,216,255,221,32,0,2,0,0,0,0,0,0,0,0,0,0,0,0,94,228,253,76,0,0,0,0,4,0,186,253,255,87,0,0,0,0,0,0,0,0,0,0,0,0,0,0,12,105,102,12,0,1,0,0,2,0,105,240,255,137,10,0,1,0,0,0,0,0,0,0,0,0,0,0,0,0,0,0,0,0,0,0,0,0,39,227,255,154,14,0,0,0,0,0,0,2,3,0,0,0,0,0,0,3,3,0,0,0,0,0,0,0,38,227,255,154,14,0,4,0,0,0,0,0,0,0,0,0,0,0,0,0,0,0,0,0,0,0,2,0,86,236,255,150,14,0,0,0,2,2,2,31,38,5,0,0,0,0,0,0,0,0,0,0,0,0,3,0,142,246,255,108,0,14,40,95,104,104,103,201,228,57,0,0,0,0,0,0,0,0,0,0,0,0,4,0,185,253,255,32,54,153,241,255,255,255,255,255,255,109,0,0,0,0,0,0,0,0,0,0,0,0,1,17,230,255,234,78,229,255,255,253,232,229,231,230,240,66,0,0,0,0,0,0,0,0,0,0,0,1,0,102,240,255,227,255,255,255,232,171,96,86,89,89,64,4,0,0,0,0,0,0,0,0,0,0,0,2,22,228,255,253,255,254,252,215,69,0,0,0,0,0,0,0,0,0,0,0,0,0,0,0,0,0,3,0,102,240,255,252,255,252,163,20,0,5,3,2,2,2,1,0,0,0,0,0,0,0,0,0,0,0,1,18,199,255,252,255,242,140,0,0,3,0,0,0,0,0,0,0,0,0,0,0,0,0,0,0,0,4,0,151,254,254,255,237,101,0,0,1,0,0,0,0,0,0,0,0,0,0,0,0,0,0,0,0,1,0,40,231,255,255,240,85,0,1,0,0,0,0,0,0,0,0,0,0,0,0,0,0,0,0,0,0,3,0,179,255,254,251,88,0,1,0,0,0,0,0,0,0,0,0,0,0,0,0,0,0,0,0,0,2,0,88,242,255,255,127,4,0,1,0,0,0,0,0,0,0,0,0,0,0,0,0,0,0,0,0,0,3,0,181,255,255,189,14,0,2,0,0,0,0,0,0,0,0,0,0,0,0,0,0,0,0,0,0,1,0,94,241,255,243,51,0,1,0,0,0,0,0,0,0,0,0,0,0,0,0,0,0,0,0,0,0,1,26,244,255,255,138,9,0,1,0,0,0,0,0,0,0,0,0,0,0,0,0,
3,0,0,0,0,0,0,0,0,0,0,0,0,0,0,0,0,0,0,0,0,0,0,0,0,0,0,0,0,0,0,0,0,0,0,33,127,225,255,231,190,51,0,0,0,0,0,0,0,0,0,0,0,0,0,0,0,0,0,0,0,8,90,219,255,255,232,255,255,236,30,0,0,0,0,0,0,0,0,0,0,0,0,0,0,0,0,1,4,129,251,255,241,169,89,133,248,255,159,8,0,0,0,0,0,0,0,0,0,0,0,0,0,0,0,0,88,255,255,232,124,7,0,0,179,255,254,74,0,0,0,0,0,0,0,0,0,0,0,0,0,0,1,7,212,248,237,93,0,1,3,4,41,243,255,165,2,0,0,0,0,0,0,0,0,0,0,0,0,0,0,34,255,255,121,0,4,0,0,0,0,187,255,199,3,0,0,0,0,0,0,0,0,0,0,0,0,0,0,18,175,185,19,3,0,0,0,0,0,142,254,206,2,0,0,0,0,0,0,0,0,0,0,0,0,0,0,0,0,0,0,0,0,0,0,2,0,174,254,212,7,1,0,0,0,0,0,0,0,0,0,0,0,0,0,1,3,3,0,0,0,1,2,0,19,234,255,163,0,0,3,0,0,0,0,0,0,0,0,0,0,0,0,0,0,0,0,0,0,0,0,28,155,255,255,151,66,28,0,1,0,0,0,0,0,0,0,0,0,0,0,0,0,0,0,0,0,19,99,175,255,255,255,255,249,174,77,0,0,0,0,0,0,0,0,0,0,0,0,0,0,0,0,0,0,157,255,255,255,247,233,237,253,255,248,107,8,0,0,0,0,0,0,0,0,0,0,0,0,0,0,1,0,192,232,217,187,119,91,107,140,223,255,255,121,2,1,0,0,0,0,0,0,0,0,0,0,0,0,0,0,34,102,68,7,0,0,0,0,79,214,255,255,80,0,0,0,0,0,0,0,0,0,0,0,0,0,0,0,0,0,0,2,5,4,4,5,0,64,236,254,221,27,1,0,0,0,0,0,0,0,0,0,0,0,0,0,1,4,2,0,0,0,0,0,4,0,108,252,255,155,0,0,0,0,0,0,0,0,0,0,0,0,0,0,0,0,0,2,0,1,0,0,0,3,0,186,253,254,28,0,0,0,0,0,0,0,0,0,0,0,0,0,0,0,0,0,14,0,0,0,0,0,1,62,253,255,116,1,0,0,0,0,0,0,0,0,0,0,0,0,0,0,0,48,148,95,0,0,0,0,0,5,224,255,177,2,0,0,0,0,0,0,0,0,0,0,0,0,0,0,0,148,255,246,18,1,0,0,1,0,170,254,231,3,0,0,0,0,0,0,0,0,0,0,0,0,0,0,0,95,253,255,128,0,0,0,0,0,136,253,243,4,0,0,0,0,0,0,0,0,0,0,0,0,0,0,1,11,211,255,251,40,0,0,0,0,111,253,242,3,0,0,0,0,0,0,0,0,0,0,0,0,0,0,0,0,68,248,254,189,7,0,2,1,115,252,242,4,0,0,0,0,0,0,0,0,0,0,0,0,0,0,0,1,0,153,255,255,124,6,0,0,115,254,243,4,0,0,0,0,0,0,0,0,0,0,0,0,0,0,0,0,2,17,209,255,255,122,25,38,179,249,236,3,0,0,0,0,0,0,0,0,0,0,0,0,0,0,0,0,0,0,58,216,255,255,169,199,255,255,148,2,0,0,0,0,0,0,0,0,0,0,0,0,0,0,0,0,0,1,0,52,189,248,255,255,226,171,22,0,0,0,0,0,
4,0,0,0,0,0,0,0,0,0,0,0,0,0,0,0,0,0,0,0,0,0,0,0,0,0,0,0,0,0,0,0,0,0,0,0,0,0,0,0,0,0,0,0,0,0,0,0,0,0,0,0,0,0,0,0,0,0,0,0,0,0,0,0,0,0,0,1,32,223,255,99,4,0,0,0,0,0,0,0,0,0,0,0,0,0,0,0,0,0,0,0,0,0,3,0,182,254,255,91,2,0,0,0,0,0,0,0,0,0,0,0,0,0,0,0,0,0,0,0,0,1,0,96,251,255,191,24,0,1,0,0,0,0,0,0,0,0,0,0,0,0,0,0,0,0,0,0,0,4,3,217,253,255,59,0,0,0,0,0,0,0,0,0,0,0,0,0,0,0,0,0,0,0,0,0,2,0,133,250,255,140,8,0,3,0,0,0,0,0,0,0,0,0,0,0,0,0,0,0,0,0,0,0,2,30,232,255,238,35,0,30,0,0,1,0,0,0,0,0,0,0,0,0,0,0,0,0,0,0,0,3,0,133,247,255,130,1,74,195,154,8,0,1,0,0,0,0,0,0,0,0,0,0,0,0,0,0,1,0,59,225,255,241,40,0,152,255,255,51,0,1,0,0,0,0,0,0,0,0,0,0,0,0,0,0,2,0,122,249,255,116,0,0,139,244,255,68,0,0,0,0,0,0,0,0,0,0,0,0,0,0,0,0,2,0,130,242,255,48,51,107,212,252,255,60,0,1,0,0,0,0,0,0,0,0,0,0,0,0,0,0,1,0,97,247,255,192,209,239,255,252,255,89,1,0,0,0,0,0,0,0,0,0,0,0,0,0,0,0,0,2,12,200,255,255,255,255,255,254,255,144,10,0,1,0,0,0,0,0,0,0,0,0,0,0,0,0,0,1,0,64,185,205,204,174,74,225,255,224,19,0,1,0,0,0,0,0,0,0,0,0,0,0,0,0,0,0,2,0,34,46,45,29,0,169,251,255,67,0,0,0,0,0,0,0,0,0,0,0,0,0,0,0,0,0,0,1,0,0,0,0,0,89,241,255,141,10,0,1,0,0,0,0,0,0,0,0,0,0,0,0,0,0,0,0,2,3,3,1,1,13,228,255,225,16,0,2,0,0,0,0,0,0,0,0,0,0,0,0,0,0,0,0,0,0,0,0,3,0,166,249,255,65,0,0,0,0,0,0,0,0,0,0,0,0,0,0,0,0,0,0,0,0,0,0,1,0,69,242,255,153,9,0,1,0,0,0,0,0,0,0,0,0,0,0,0,0,0,0,0,0,0,0,0,3,3,211,255,246,36,0,1,0,0,0,0,0,0,0,0,0,0,0,0,0,0,0,0,0,0,0,0,2,0,136,245,255,96,4,0,0,0,0,0,0,0,0,0,0,0,0,0,0,0,0,0,0,0,0,0,0,0,31,236,255,198,12,0,1,0,0,0,0,0,0,0,0,0,0,0,0,0,0,0,0,0,0,0,0,3,0,179,251,255,62,0,1,0,0,0,0,0,0,0,0,0,0,0,0,0,0,0,0,0,0,0,0,1,0,76,244,255,161,11,0,1,0,0,0,0,0,0,0,0,0,0,0,0,0,0,0,0,0,0,0,0,2,1,197,254,252,44,0,1,0,0,0,0,0,0,0,0,0,0,0,0,0,0,0,0,0,0,0,0,2,0,97,243,255,176,8,0,1,0,0,0,0,0,0,0,0,0,0,0,0,0,0,0,0,0,0,0,0,2,15,221,255,255,80,0,0,0,0,0,
5,0,0,0,0,0,0,0,0,0,0,0,0,0,0,1,0,0,2,2,78,229,208,46,0,2,0,0,0,0,0,0,0,0,0,0,0,0,0,0,1,1,0,0,3,25,85,191,255,255,255,113,0,6,0,0,0,0,0,0,0,0,0,0,0,0,0,1,0,0,5,26,97,215,255,255,252,255,204,55,0,3,0,0,0,0,0,0,0,0,0,0,0,0,0,0,11,46,110,214,255,255,250,255,255,187,45,0,2,0,0,0,0,0,0,0,0,0,0,0,0,1,0,31,149,249,255,255,250,255,255,252,177,33,0,4,0,0,0,0,0,0,0,0,0,0,0,1,0,8,0,108,255,253,251,254,255,253,224,115,5,0,3,0,0,0,0,0,0,0,0,0,0,0,0,0,0,0,0,126,250,253,255,255,233,156,38,0,2,1,0,0,0,0,0,0,0,0,0,0,0,0,3,10,21,42,163,255,255,255,248,194,54,0,1,2,0,0,0,0,0,0,0,0,0,0,0,2,0,53,108,136,193,249,255,255,253,228,112,2,0,5,0,0,0,0,0,0,0,0,0,0,0,0,1,0,22,189,255,255,255,255,255,238,171,38,0,5,1,0,0,0,0,0,0,0,0,0,0,0,0,0,3,0,67,216,255,252,240,223,190,79,0,0,3,0,0,0,0,0,0,0,0,0,0,0,0,0,0,0,2,0,50,206,255,255,181,38,0,0,6,3,2,3,3,3,2,1,0,0,0,0,0,0,0,0,0,0,0,5,0,128,255,251,255,124,0,0,0,0,0,0,0,0,0,0,1,0,0,0,0,0,0,0,0,0,0,2,0,44,192,255,254,241,107,26,41,37,38,38,37,39,32,10,0,0,0,0,0,0,0,0,0,0,0,0,3,0,49,208,255,253,255,255,255,255,255,255,255,255,246,146,36,0,0,0,0,0,0,0,0,0,0,0,0,6,0,91,234,254,252,249,250,250,250,250,249,254,252,255,195,42,0,1,0,0,0,0,0,0,0,0,0,0,3,0,76,166,171,171,171,171,171,173,167,197,250,249,255,178,20,0,1,0,0,0,0,0,0,0,0,0,0,2,0,0,0,0,0,0,0,0,0,0,117,246,255,235,87,0,3,0,0,0,0,0,0,0,0,0,0,0,1,4,4,4,4,4,4,5,3,7,0,135,255,255,167,16,0,1,0,0,0,0,0,0,0,0,0,0,0,0,0,1,1,0,0,0,0,2,0,64,211,255,185,36,0,2,0,0,0,0,0,0,0,0,0,0,0,1,0,0,0,0,0,0,0,2,0,34,192,255,240,88,0,4,0,0,0,0,0,0,0,0,0,0,0,0,8,29,26,6,0,0,0,0,2,0,136,253,255,148,3,1,0,0,0,0,0,0,0,0,0,0,4,0,85,233,220,63,0,2,1,1,5,0,69,214,255,152,10,0,0,0,0,0,0,0,0,0,0,0,7,0,135,255,255,152,18,5,0,0,0,0,68,216,255,152,9,0,0,0,0,0,0,0,0,0,0,0,6,0,111,255,255,255,191,100,44,28,53,45,121,231,255,153,10,0,0,0,0,0,0,0,0,0,0,0,1,0,19,161,255,255,255,255,239,232,255,255,255,255,255,154,5,0,0,0,0,0,0,0,0,0,0,0,0,1,0,16,134,221,237,251,254,254,251,241,240,235,233,95,0,3,0,0,0,0,0,0,0,0,0,0,0,0,0,0,0,0,0,0,0,0,0,0,0,0,0,0,0,0,0,0,0,
6,0,0,0,0,0,0,0,0,0,0,0,2,0,20,68,143,221,253,255,255,255,255,255,255,255,253,252,107,0,0,0,0,0,0,0,0,0,0,1,0,47,183,255,255,255,255,255,254,254,254,254,254,254,254,255,228,0,0,0,0,0,0,0,0,0,1,0,48,208,255,248,250,252,250,254,255,255,255,255,255,255,255,255,206,0,0,0,0,0,0,0,0,0,0,20,199,255,253,255,255,255,255,255,236,233,234,234,234,233,234,217,125,0,0,0,0,0,0,0,0,3,0,131,248,255,255,253,255,223,188,151,100,91,93,92,93,91,97,46,0,0,0,0,0,0,0,0,1,0,72,241,255,253,253,255,190,70,0,0,0,0,0,0,0,0,0,0,3,0,0,0,0,0,0,0,2,12,208,255,253,254,255,194,30,0,5,5,4,3,3,3,3,3,4,1,0,0,0,0,0,0,0,3,0,112,242,255,255,254,249,45,0,4,0,0,0,0,0,0,0,0,0,0,0,0,0,0,0,0,0,4,4,205,255,253,252,255,141,14,0,0,0,0,0,0,0,0,0,0,0,0,0,0,0,0,0,0,4,0,112,243,255,253,255,207,34,0,2,0,0,0,0,0,0,0,0,0,0,0,0,0,0,0,0,0,3,3,209,255,253,253,255,94,2,0,0,0,0,0,0,0,0,0,0,0,0,0,0,0,0,0,0,3,0,95,238,255,254,255,218,34,0,1,0,0,0,0,0,0,0,0,0,0,0,0,0,0,0,0,0,4,0,162,254,255,252,255,150,18,1,5,4,2,1,0,0,0,0,0,0,0,0,0,0,0,0,0,1,0,62,229,255,253,255,232,36,0,0,0,0,0,0,0,3,0,0,0,0,0,0,0,0,0,0,0,3,0,166,255,255,253,255,187,77,60,65,63,67,37,21,7,0,0,0,0,0,0,0,0,0,0,0,0,0,62,229,255,253,255,255,248,251,252,252,250,255,194,161,131,60,4,0,1,0,0,0,0,0,0,0,0,0,144,251,255,255,255,255,255,253,252,253,253,253,255,255,255,233,41,0,1,0,0,0,0,0,0,0,0,0,138,249,255,255,255,255,254,255,255,255,255,253,250,252,248,255,156,27,0,0,0,0,0,0,0,0,0,0,138,249,255,255,255,255,255,250,247,248,249,255,255,255,255,252,255,151,14,0,1,0,0,0,0,0,0,0,146,252,255,255,254,255,206,133,120,123,126,183,212,255,255,255,250,255,72,0,1,0,0,0,0,0,0,0,111,241,255,255,253,253,63,0,0,0,0,9,48,192,255,255,253,255,158,16,0,1,0,0,0,0,0,0,34,228,255,253,255,248,129,19,0,0,0,0,0,40,222,255,252,255,204,28,0,2,0,0,0,0,0,0,20,185,255,253,255,253,255,152,91,48,35,38,49,97,227,255,252,255,197,26,0,2,0,0,0,0,0,1,0,42,197,255,254,255,250,255,255,215,195,198,214,255,255,255,255,255,198,27,0,2,0,0,0,0,0,0,4,0,67,201,255,252,252,251,247,255,255,255,255,250,252,254,247,255,147,13,0,1,0,0,0,0,0,0,0,2,5,47,193,255,255,255,255,254,253,253,254,255,255,255,255,216,43,0,1,0,0,0,0,0,0,0,0,0,1,0,41,149,193,238,255,255,255,255,255,255,240,212,173,48,0,0,0,0,0,0,0,0,0,0,0,0,0,0,0,0,0,0,0,0,0,0,0,0,0,0,0,0,0,0,0,0,0,0,
7,0,0,0,0,0,0,0,0,0,0,0,0,0,0,0,0,0,0,0,0,0,0,0,0,0,0,0,0,0,0,0,0,0,0,0,0,0,0,0,0,0,0,0,0,0,0,0,0,0,0,0,0,0,0,0,0,0,0,0,0,0,0,0,0,0,0,0,0,0,0,0,0,0,0,0,0,0,0,0,0,0,0,0,0,0,0,0,0,0,0,0,0,0,0,1,3,0,0,0,12,40,68,84,91,53,6,0,0,0,0,0,0,0,0,0,0,0,0,0,0,3,2,0,0,3,51,99,156,221,255,255,255,245,54,0,2,0,0,0,0,0,0,0,0,0,1,4,0,0,0,29,75,135,215,255,255,255,255,252,238,255,83,0,3,0,0,0,0,0,0,0,3,4,0,0,5,49,116,179,242,255,255,255,255,255,209,244,255,255,78,0,3,0,0,0,0,0,3,3,0,0,27,86,141,212,255,255,255,255,255,231,190,136,50,208,255,255,79,0,3,0,0,0,0,4,0,0,43,104,176,253,255,255,255,255,242,205,149,84,22,0,7,210,255,255,82,0,3,0,0,0,0,0,42,110,201,255,255,255,255,255,223,162,103,43,0,0,0,0,62,224,255,255,67,0,3,0,0,0,0,109,201,255,255,254,255,242,190,141,70,0,0,0,4,3,3,0,92,235,255,230,44,0,3,0,0,0,0,255,255,254,255,235,176,103,20,0,0,3,5,1,0,0,4,0,130,247,255,212,38,0,2,0,0,0,0,255,255,238,173,91,5,0,0,6,3,0,0,0,1,0,6,0,174,255,255,165,21,0,1,0,0,0,0,233,173,94,6,0,1,5,1,0,0,0,0,0,0,0,3,0,196,255,255,130,8,0,0,0,0,0,0,88,6,0,1,4,0,0,0,0,0,0,0,0,0,1,0,43,220,255,255,74,0,3,0,0,0,0,0,0,1,4,0,0,0,1,1,0,0,0,0,0,0,2,0,93,235,255,234,43,0,3,0,0,2,0,0,4,0,0,0,0,1,0,0,5,6,6,6,6,5,11,0,145,251,255,201,39,0,8,5,8,0,0,0,0,0,0,0,0,1,6,103,145,142,143,142,143,142,145,133,216,255,255,218,153,140,144,141,148,104,0,0,0,0,0,0,1,0,51,234,255,255,255,255,255,255,255,255,255,255,254,255,255,255,255,255,255,255,0,0,0,0,0,0,1,0,40,207,255,251,254,253,253,253,253,253,254,255,255,253,254,254,253,252,255,226,0,0,0,0,0,0,0,2,0,89,132,128,129,129,129,128,130,133,230,255,251,255,170,125,130,127,136,83,0,0,0,0,0,0,0,0,1,0,0,0,0,0,0,0,0,0,201,255,251,237,39,0,0,0,0,0,0,0,0,0,0,0,0,0,0,4,6,6,6,6,6,5,8,13,207,255,255,151,18,2,7,6,6,4,0,0,0,0,0,0,0,0,0,0,0,0,0,0,0,0,0,6,206,255,255,82,0,0,0,0,0,0,0,0,0,0,0,0,0,0,0,0,0,0,0,0,1,0,2,8,206,255,255,52,0,4,0,1,0,0,0,0,0,0,0,0,0,0,0,0,0,0,0,0,0,0,2,7,206,255,255,58,0,4,0,0,0,0,0,0,0,0,0,0,0,0,0,0,0,0,0,0,0,0,2,7,207,255,255,56,0,4,0,0,0,0,0,0,0,0,0,0,0,0,0,0,0,0,0,0,0,0,2,9,205,255,255,57,0,4,0,0,0,0,0,0,
8,0,0,0,0,0,0,0,0,0,0,0,0,0,0,0,0,0,0,0,0,0,0,0,0,0,0,0,0,0,0,0,0,0,0,0,0,0,0,0,0,0,0,0,0,0,0,0,0,0,0,0,0,0,0,0,0,0,0,0,0,0,0,0,45,120,186,240,254,252,252,252,252,252,253,255,248,231,205,134,30,0,3,0,0,0,0,0,0,0,0,104,222,255,255,254,255,255,255,255,255,255,255,255,255,255,255,255,200,61,0,6,0,0,0,0,2,0,100,247,255,250,255,255,221,169,157,159,159,158,198,229,233,255,255,249,255,214,59,0,3,0,0,2,0,53,212,255,248,255,208,107,50,26,18,20,20,19,41,56,61,90,203,255,247,255,213,66,0,0,0,5,0,110,255,248,255,163,34,0,0,0,0,0,0,0,0,0,0,0,51,195,255,248,255,163,10,0,0,1,0,152,255,255,218,57,0,8,1,3,3,1,1,1,2,3,4,2,0,28,179,255,255,177,23,0,0,0,39,195,255,255,172,20,0,0,24,3,0,1,0,0,0,0,0,0,4,0,138,255,255,174,18,0,0,0,65,221,255,255,132,0,64,164,204,160,44,0,3,0,1,0,0,0,0,23,175,255,255,179,25,0,0,0,72,227,255,244,75,17,195,255,255,255,96,0,4,0,0,0,2,8,0,65,227,254,255,148,0,0,0,0,70,225,255,246,125,136,255,250,255,239,85,0,9,5,5,0,0,0,38,175,255,254,245,90,0,0,0,0,73,226,255,252,234,239,255,255,245,131,0,0,0,0,0,14,72,144,210,252,252,255,169,18,0,0,0,0,53,216,255,255,255,255,254,255,246,201,152,99,110,146,147,185,226,255,255,249,255,227,67,0,2,0,0,0,3,93,183,227,255,253,255,255,255,255,255,238,244,255,255,255,255,251,255,255,213,81,1,0,0,0,0,1,0,6,23,156,255,251,255,252,252,250,249,254,255,253,253,250,255,255,192,118,43,1,0,1,0,0,0,0,2,0,14,167,255,252,255,254,254,254,255,255,255,253,254,255,191,78,35,0,0,0,1,0,0,0,0,0,5,0,88,245,254,255,161,60,73,67,80,120,214,255,250,255,220,71,0,5,2,0,0,0,0,0,0,0,3,0,142,255,250,241,82,0,0,0,0,0,59,194,255,252,255,213,53,0,3,0,0,0,0,0,0,2,0,44,198,255,255,178,21,1,5,4,4,0,0,25,161,255,248,255,170,27,0,1,0,0,0,0,0,3,0,68,223,255,255,113,0,4,0,0,0,0,3,0,28,196,255,251,255,101,0,5,0,0,0,0,0,3,0,73,228,255,255,133,0,3,0,1,0,0,0,6,0,82,234,253,255,118,0,6,0,0,0,0,0,2,0,48,200,255,255,220,62,0,7,0,0,0,0,1,0,44,199,255,255,115,0,6,0,0,0,0,0,0,4,0,143,255,245,255,179,24,0,2,4,2,1,5,0,40,195,255,255,116,0,6,0,0,0,0,0,0,4,0,61,224,255,253,255,169,72,17,0,0,0,0,0,82,225,255,255,115,0,6,0,0,0,0,0,0,0,1,2,76,220,255,253,255,227,196,123,55,44,54,126,219,255,251,255,108,0,6,0,0,0,0,0,0,0,0,0,0,102,252,255,249,253,255,248,214,208,214,247,255,244,255,215,51,0,3,0,0,0,0,0,0,0,0,2,0,9,83,188,255,255,255,255,255,255,255,255,255,255,231,79,0,1,0,0,0,0,
9,0,0,0,0,0,0,0,0,0,0,0,0,0,0,0,0,0,0,0,0,0,0,0,0,0,0,0,0,0,0,0,0,0,0,0,0,0,0,0,0,0,0,0,0,0,0,0,0,0,0,0,0,0,0,0,0,0,0,0,0,0,0,0,0,0,0,0,0,0,0,0,0,0,0,0,0,0,0,0,0,0,0,0,0,0,0,0,0,0,0,0,0,0,0,0,0,0,0,0,0,0,0,0,0,0,0,0,0,0,0,0,0,0,0,0,0,0,0,2,0,70,203,255,255,205,123,58,5,0,1,1,0,0,0,0,0,0,0,0,0,0,0,0,0,0,1,0,63,235,255,180,176,244,255,235,147,69,0,0,1,0,0,0,0,0,0,0,0,0,0,0,0,0,2,12,197,255,187,24,15,80,164,251,255,226,130,22,0,0,0,0,0,0,0,0,0,0,0,0,0,3,0,148,255,234,45,0,0,0,20,100,173,252,255,173,31,0,0,0,0,0,0,0,0,0,0,0,0,3,2,234,255,93,0,0,1,4,0,0,19,171,247,255,166,13,0,1,0,0,0,0,0,0,0,0,0,0,33,224,255,25,0,2,0,0,0,8,0,137,250,255,196,19,0,1,0,0,0,0,0,0,0,0,0,0,39,232,245,28,0,1,0,1,0,4,0,199,255,255,122,6,0,0,0,0,0,0,0,0,0,0,0,0,39,231,248,27,0,2,0,0,5,0,95,242,255,255,117,6,0,0,0,0,0,0,0,0,0,0,0,0,35,227,255,33,0,1,0,5,0,34,224,255,234,255,118,6,0,0,0,0,0,0,0,0,0,0,0,2,6,226,255,54,0,3,6,0,32,179,255,209,182,255,119,5,0,0,0,0,0,0,0,0,0,0,0,4,0,194,255,120,0,0,0,54,180,255,240,64,150,255,118,5,0,0,0,0,0,0,0,0,0,0,0,2,0,121,246,202,51,44,94,205,255,216,89,0,148,255,117,6,0,0,0,0,0,0,0,0,0,0,0,0,0,30,241,255,200,205,255,255,189,62,0,0,151,255,118,6,0,0,0,0,0,0,0,0,0,0,0,0,3,0,140,222,236,234,192,137,30,0,5,0,149,255,118,6,0,0,0,0,0,0,0,0,0,0,0,0,0,1,9,67,73,71,41,0,0,2,2,0,150,255,118,6,0,0,0,0,0,0,0,0,0,0,0,0,0,0,0,0,0,0,0,4,2,0,3,0,150,255,117,5,0,0,0,0,0,0,0,0,0,0,0,0,0,0,0,3,4,3,2,0,0,0,3,0,150,255,119,6,0,0,0,0,0,0,0,0,0,0,0,0,0,0,0,0,0,0,0,0,0,0,3,0,149,255,114,5,0,0,0,0,0,0,0,0,0,0,0,0,0,0,0,0,0,0,0,0,0,0,3,0,154,255,135,9,0,1,0,0,0,0,0,0,0,0,0,0,0,0,0,0,0,0,0,0,0,0,2,0,128,252,177,14,0,1,0,0,0,0,0,0,0,0,0,0,0,0,0,0,0,0,0,0,0,0,1,0,91,244,201,19,0,1,0,0,0,0,0,0,0,0,0,0,0,0,0,0,0,0,0,0,0,0,1,0,70,236,246,21,0,2,0,0,0,0,0,0,0,0,0,0,0,0,0,0,0,0,0,0,0,0,0,1,19,224,255,75,0,0,0,0,0,0,0,0,0,0,0,0,0,0,0,0,0,0,0,0,0,0,0,3,0,158,254,208,24,0,1,0,0,0,0,
0,0,0,0,0,0,0,0,0,0,0,0,0,0,0,0,0,0,0,0,0,0,0,0,0,0,0,0,0,0,0,0,0,0,0,1,0,46,231,96,0,0,0,0,0,0,0,0,0,1,0,0,0,0,0,0,0,0,0,0,0,0,1,0,17,197,236,59,24,24,24,24,24,24,22,18,8,0,1,0,0,0,0,0,0,0,0,0,0,0,1,0,71,255,235,179,190,188,188,188,188,190,197,186,140,45,0,2,0,0,0,0,0,0,0,0,0,1,0,14,185,242,185,176,174,174,174,175,173,178,204,208,241,232,45,0,1,0,0,0,0,0,0,0,0,2,0,39,255,144,0,0,0,0,0,0,0,0,0,0,60,232,210,19,0,0,0,0,0,0,0,0,0,0,2,108,249,54,3,7,6,6,6,6,6,6,7,6,0,77,252,162,0,3,0,0,0,0,0,0,1,0,11,171,228,0,3,0,0,0,0,0,0,0,0,0,0,3,137,255,84,0,2,0,0,0,0,0,1,0,21,215,188,0,5,0,1,0,0,0,0,0,1,0,1,0,16,212,229,21,0,0,0,0,0,0,2,0,29,253,137,0,2,0,0,0,0,0,0,0,0,0,0,1,0,62,252,161,0,3,0,0,0,0,2,0,41,255,106,0,2,0,0,0,0,0,0,0,0,0,0,1,0,5,137,255,85,0,1,0,0,0,1,0,75,254,74,0,1,0,0,0,0,0,0,0,0,0,0,0,2,0,16,212,223,10,2,0,0,0,0,0,90,250,58,0,1,0,0,0,0,0,0,0,0,0,0,0,0,1,0,78,254,82,0,0,0,0,0,2,110,246,43,0,0,0,0,0,0,0,0,0,0,0,0,0,0,0,0,91,253,58,0,0,0,0,0,5,127,241,23,1,0,0,0,0,0,0,0,0,0,0,0,0,1,0,14,189,222,2,3,0,0,0,0,7,143,238,12,2,0,0,0,0,0,0,0,0,0,0,0,0,1,0,55,255,129,0,3,0,0,0,0,7,142,238,13,2,0,0,0,0,0,0,0,0,0,0,0,1,0,7,164,234,25,1,0,0,0,0,0,6,138,239,15,2,0,0,0,0,0,0,0,0,0,0,0,0,0,65,255,145,0,3,0,0,0,0,0,3,115,244,34,0,0,0,0,0,0,0,0,0,0,0,1,0,22,207,218,21,2,0,0,0,0,0,1,0,77,254,73,0,1,0,0,0,0,0,0,0,0,1,0,1,121,255,88,0,1,0,0,0,0,0,2,0,29,249,144,0,3,0,0,0,0,0,0,0,0,0,0,64,255,164,0,4,0,0,0,0,0,0,1,0,14,184,227,0,4,0,0,0,0,0,0,0,0,0,31,213,217,23,2,0,0,0,0,0,0,0,0,0,0,84,255,102,0,2,0,0,0,0,0,1,0,11,157,253,83,0,1,0,0,0,0,0,0,0,0,2,0,16,221,203,0,4,0,0,0,0,2,0,0,112,255,135,0,4,0,0,0,0,0,0,0,0,0,0,0,3,99,255,87,0,4,1,3,2,0,0,89,255,170,0,4,0,0,0,0,0,0,0,0,0,0,0,2,0,20,224,201,0,0,0,0,0,26,122,255,181,17,1,0,0,0,0,0,0,0,0,0,0,0,0,0,0,3,96,255,141,33,21,37,93,207,255,154,9,0,0,0,0,0,0,0,0,0,0,0,0,0,0,0,1,0,9,158,232,212,174,212,238,194,90,0,2,0,0,0,0,0,0,0,0,0,
1,0,0,0,0,0,0,1,0,65,215,244,243,177,21,0,1,0,0,0,0,0,0,0,0,0,0,0,0,0,0,0,0,0,0,4,0,148,255,255,255,255,68,0,1,0,0,0,0,0,0,0,0,0,0,0,0,0,0,0,0,0,0,4,0,190,255,253,253,255,184,21,0,1,0,0,0,0,0,0,0,0,0,0,0,0,0,0,0,0,0,0,24,222,255,253,255,251,255,50,0,2,0,0,0,0,0,0,0,0,0,0,0,0,0,0,0,0,2,0,94,239,255,254,255,251,255,99,2,0,0,0,0,0,0,0,0,0,0,0,0,0,0,0,0,0,4,0,147,251,255,254,255,253,255,170,18,0,1,0,0,0,0,0,0,0,0,0,0,0,0,0,0,0,5,0,188,255,254,254,250,253,255,193,24,0,2,0,0,0,0,0,0,0,0,0,0,0,0,0,0,0,5,0,193,255,255,195,197,250,252,255,37,0,3,0,0,0,0,0,0,0,0,0,0,0,0,0,0,0,0,32,224,255,255,152,151,245,254,255,91,0,0,0,0,0,0,0,0,0,0,0,0,0,0,0,0,0,0,39,227,255,255,153,103,234,255,255,141,11,0,1,0,0,0,0,0,0,0,0,0,0,0,0,0,2,0,108,243,254,255,90,10,221,255,255,191,23,0,2,0,0,0,0,0,0,0,0,1,0,0,0,0,4,0,168,255,251,255,70,0,203,255,255,191,22,0,2,0,0,0,0,0,0,0,1,0,0,0,0,0,5,0,194,255,255,215,34,0,164,254,254,241,35,0,2,0,0,0,0,0,1,0,14,121,0,0,0,0,5,0,195,255,255,158,20,0,163,255,250,255,38,0,3,0,0,0,0,2,0,17,164,248,0,0,0,0,4,0,181,255,255,140,13,0,116,245,254,255,111,5,0,0,0,0,4,0,63,203,254,255,0,0,0,0,0,0,27,106,84,16,1,0,64,233,255,255,119,6,0,1,1,3,0,138,239,255,255,254,0,0,0,0,0,0,0,3,1,0,0,3,4,219,255,255,117,6,1,1,0,38,189,253,255,254,255,249,0,0,0,0,0,0,0,0,0,1,0,3,0,218,255,255,118,5,0,43,158,235,255,255,251,255,205,52,0,0,0,0,0,0,0,0,0,0,0,3,2,219,255,255,135,80,186,241,253,255,254,253,255,142,27,0,0,0,0,0,0,0,0,0,0,1,1,4,0,217,255,253,249,246,255,255,254,254,255,202,83,9,0,0,0,0,0,0,0,0,0,2,0,0,0,18,99,237,255,254,255,255,253,255,255,204,82,14,0,0,0,0,0,0,0,0,2,2,0,0,51,99,133,218,250,254,255,253,254,255,255,177,75,15,0,0,0,0,0,0,0,0,0,0,9,11,48,137,234,251,251,255,255,253,253,255,226,149,49,9,1,0,0,1,0,0,0,0,0,0,0,0,214,248,243,252,255,255,254,252,255,255,228,126,22,4,0,0,0,1,0,0,0,0,0,0,0,0,0,0,254,255,255,253,251,255,255,255,158,45,13,5,0,0,0,1,0,0,0,0,0,0,0,0,0,0,0,0,252,255,255,255,255,197,97,22,5,0,0,0,1,0,0,0,0,0,0,0,0,0,0,0,0,0,0,0,65,88,81,90,26,1,1,0,0,0,0,0,0,0,0,0,0,0,0,0,0,0,0,0,0,0,0,0,0,0,0,0,0,0,0,0,0,0,0,0,0,0,0,0,0,0,0,0,0,0,0,0,
2,0,0,0,0,0,0,0,0,0,0,0,0,0,0,0,0,0,0,0,0,0,0,0,0,0,0,0,0,0,0,0,0,0,0,0,0,0,0,0,0,0,0,0,0,0,0,0,0,0,0,0,0,0,0,0,0,0,0,0,0,0,0,0,0,0,0,0,0,0,0,0,0,0,0,0,0,0,0,0,0,0,0,0,0,0,0,0,1,0,0,0,0,0,0,0,0,0,0,0,0,0,0,0,0,0,0,0,0,0,0,0,0,0,0,1,0,19,40,44,43,43,43,43,43,43,43,43,42,12,0,0,0,0,0,0,0,0,0,0,0,0,0,0,68,159,215,227,231,232,232,232,232,232,232,232,226,140,14,0,0,0,0,0,0,0,0,0,0,0,0,72,247,255,255,255,253,248,248,248,248,248,248,251,255,255,90,2,0,0,0,0,0,0,0,0,0,0,0,228,255,234,189,184,141,129,129,129,129,128,129,134,246,255,170,5,0,0,0,0,0,0,0,0,0,0,0,246,255,112,0,0,0,0,0,0,0,0,0,0,194,255,232,17,0,1,0,0,0,0,0,0,0,0,0,251,243,7,2,7,5,4,4,4,4,4,5,1,113,248,255,38,0,0,0,0,0,0,1,2,3,0,0,255,169,8,0,0,0,0,0,0,0,0,0,0,86,247,255,35,0,0,0,0,0,2,0,0,0,0,0,255,131,3,0,1,0,0,0,0,0,0,1,0,86,247,255,36,0,1,0,0,3,0,18,30,50,0,0,255,124,3,0,0,0,0,0,0,0,0,1,0,95,247,255,36,0,0,1,0,0,30,154,186,241,0,0,157,49,0,0,0,0,0,0,0,0,0,1,0,133,250,255,35,0,3,0,8,60,183,255,255,255,0,0,0,0,0,0,0,0,0,0,0,0,0,2,0,172,253,240,20,1,0,19,123,252,255,251,211,174,0,0,6,2,0,0,0,0,0,0,0,0,0,2,5,229,255,186,8,0,34,163,255,255,231,150,48,0,0,0,0,0,0,0,0,0,0,0,0,0,0,0,63,248,255,124,0,38,195,255,255,213,87,0,0,6,0,0,0,0,0,0,0,0,0,0,0,0,1,0,127,249,255,52,61,214,255,255,191,36,0,4,1,0,0,0,0,0,0,0,0,0,0,0,0,0,2,0,192,254,235,76,229,255,253,191,19,0,3,0,0,0,0,0,0,0,0,0,0,0,0,0,0,0,1,25,241,255,235,242,255,252,160,17,0,1,0,0,0,0,0,0,0,0,0,0,0,0,0,0,0,1,0,115,251,255,255,255,241,151,0,0,0,0,0,0,0,0,0,0,0,0,0,0,0,0,0,0,0,2,0,209,255,253,255,234,111,0,2,0,0,0,0,0,0,0,0,0,0,0,0,0,0,0,0,0,0,0,36,247,255,255,219,84,0,2,0,0,0,0,0,0,0,0,0,0,0,0,0,0,0,0,0,0,1,0,153,253,255,222,56,0,3,0,0,0,0,0,0,0,0,0,0,0,0,0,0,0,0,0,0,0,1,97,250,253,255,64,0,2,0,0,0,0,0,0,0,0,0,0,0,0,0,0,0,0,0,0,0,6,97,254,255,255,181,3,0,0,0,0,0,0,0,0,0,0,0,0,0,0,0,0,0,0,0,1,0,109,255,255,247,218,29,0,0,0,0,0,0,0,0,0,0,0,0,0,0,0,0,0,0,0,0,2,0,183,249,243,142,42,0,0,0,0,0,0,0,0,0,0,0,0,0,0,
0,0,0,0,0,1,0,0,1,50,169,244,255,255,228,128,33,1,0,0,0,0,0,0,0,0,0,0,0,0,0,1,0,0,1,52,172,255,255,255,254,254,255,255,254,133,18,0,1,0,0,0,0,0,0,0,0,0,1,0,0,22,123,246,255,250,251,254,255,255,254,251,250,255,163,8,0,0,0,0,0,0,0,0,0,0,0,0,55,194,255,252,253,255,255,255,239,240,255,255,255,254,251,126,0,3,0,0,0,0,0,0,0,0,0,83,239,255,251,255,255,255,240,180,76,85,194,251,255,253,255,222,71,0,3,0,0,0,0,0,0,0,39,214,255,251,255,255,252,195,66,0,0,0,4,140,255,254,251,255,173,9,0,0,0,0,0,0,0,0,77,255,249,255,252,227,120,6,0,4,0,4,0,27,178,255,251,255,248,117,0,4,0,0,0,0,0,0,86,255,241,255,215,57,0,4,1,0,0,0,3,0,85,247,255,252,255,211,54,0,2,0,0,0,0,0,68,255,255,255,158,0,5,0,0,0,0,0,0,0,7,137,255,252,255,254,118,0,6,0,0,0,0,0,13,137,241,187,57,0,2,0,0,0,0,0,0,3,0,45,202,255,252,255,117,0,6,0,0,0,0,0,0,0,0,0,0,1,0,0,0,0,0,0,0,2,0,39,190,255,251,255,118,0,6,0,0,0,0,0,0,2,4,3,1,0,0,0,0,0,0,0,0,2,0,41,194,255,251,255,118,0,6,0,0,0,0,0,0,0,0,0,0,0,0,0,0,0,0,0,0,4,0,74,237,255,254,254,117,0,6,0,0,0,0,0,0,0,0,0,0,0,0,0,0,0,0,0,0,0,3,141,255,248,255,230,83,0,4,0,0,0,0,0,0,0,0,0,0,0,0,0,0,0,0,0,4,0,55,213,255,249,255,177,11,0,0,0,0,0,0,0,0,0,0,0,0,0,0,0,0,0,0,1,0,0,137,255,251,255,252,117,0,5,0,0,0,0,0,0,0,0,0,0,0,0,0,0,0,0,0,0,0,104,241,255,251,255,190,29,0,1,0,0,0,0,0,0,0,0,0,0,0,0,0,0,0,0,0,6,137,255,254,255,255,252,112,0,5,0,0,0,0,0,0,0,0,0,0,0,0,0,0,0,1,0,6,136,255,251,255,255,255,154,13,0,1,1,1,1,1,1,0,0,0,0,0,0,0,0,0,1,0,0,133,255,251,255,255,255,150,6,0,0,0,0,0,0,0,0,0,0,0,0,0,0,0,0,0,0,0,106,244,255,255,253,255,165,20,9,11,10,11,10,13,52,72,25,0,0,0,0,0,0,1,0,0,9,135,255,254,255,253,255,231,162,141,145,144,144,146,137,179,255,255,195,32,0,0,0,0,0,0,0,33,160,255,252,255,255,255,255,255,255,255,255,255,255,255,255,255,252,250,253,96,0,0,0,0,2,0,55,212,255,251,255,255,254,253,253,252,251,252,252,252,252,252,252,253,255,255,252,89,0,0,0,2,0,34,190,255,248,255,253,255,255,255,255,255,255,255,255,255,255,255,255,255,255,255,183,28,0,0,0,4,0,74,240,255,255,255,255,251,240,233,228,226,224,202,182,186,185,185,185,184,190,161,50,0,0,0,0,3,0,47,194,255,249,239,207,137,78,44,13,2,3,0,0,0,0,0,0,0,0,0,0,1,0,0,0,0,0,0,0,0,0,0,0,0,0,0,0,0,0,0,0,0,0,0,0,0,0,0,0,0,
0,0,0,0,0,0,0,0,0,0,9,132,247,255,247,144,113,115,102,22,5,0,0,0,0,0,0,0,0,0,0,0,0,0,0,0,0,2,112,255,254,255,255,255,255,255,255,252,155,29,0,1,0,0,0,0,0,0,0,0,0,0,0,1,0,29,221,251,254,243,243,240,239,243,255,254,255,206,25,0,1,0,0,0,0,0,0,0,0,0,1,0,5,147,255,255,225,99,103,102,102,127,215,246,255,255,185,3,0,1,0,0,0,0,0,0,0,0,1,0,34,251,254,246,109,0,0,0,0,0,2,123,249,255,253,150,8,0,2,0,0,0,0,0,0,1,0,6,143,255,255,197,0,5,1,2,2,3,1,0,124,255,255,255,154,28,0,0,0,0,0,0,0,1,0,20,220,255,247,101,0,1,0,0,0,0,0,0,8,185,254,255,255,205,33,9,0,0,0,0,0,0,1,87,255,255,222,6,2,0,0,0,0,0,0,0,0,8,169,248,255,255,252,117,0,0,0,0,1,0,12,190,255,250,137,0,2,0,0,0,0,0,0,0,1,0,0,124,241,251,255,243,26,0,0,0,1,0,33,254,255,239,37,0,0,0,0,0,0,0,0,0,0,0,3,0,63,225,255,239,49,0,0,0,0,3,103,255,254,201,0,3,0,0,0,0,0,0,0,0,0,0,0,0,10,184,255,241,48,0,0,1,0,13,188,255,248,119,0,2,0,0,0,0,0,0,0,0,0,0,1,0,18,219,255,240,45,0,0,1,0,33,255,255,238,32,0,0,0,0,0,0,0,0,0,0,0,0,0,0,59,255,255,231,14,0,0,0,1,85,255,255,206,0,4,0,0,0,0,0,0,0,0,0,0,1,0,7,140,255,255,192,0,0,0,0,11,168,255,249,139,0,2,0,0,0,0,0,0,0,0,0,0,1,0,18,218,255,248,106,0,0,0,0,24,239,255,243,59,0,0,0,0,0,0,0,0,0,0,0,0,1,0,54,255,255,237,28,1,0,0,0,59,255,255,227,7,2,0,0,0,0,0,0,0,0,0,0,0,0,5,112,255,254,191,0,3,0,0,7,141,255,252,168,0,3,0,0,0,0,0,0,0,0,0,0,1,0,12,197,255,247,110,0,1,0,0,11,201,255,246,105,0,1,0,0,0,0,0,0,0,0,0,0,1,0,32,255,255,240,32,0,0,0,0,27,255,255,238,25,1,0,0,0,0,0,0,0,0,0,0,0,0,1,125,255,255,210,0,3,0,0,0,81,255,255,214,0,3,0,0,0,0,0,0,0,0,0,0,1,0,51,228,255,249,108,0,1,0,0,0,83,255,248,145,0,4,0,1,0,0,0,0,0,1,1,0,0,53,231,255,255,217,6,2,0,0,0,0,84,255,250,158,0,0,0,0,0,0,2,2,0,0,0,4,54,228,254,255,235,90,0,1,0,0,0,0,84,255,254,212,20,23,12,9,0,0,0,0,1,16,46,120,237,254,255,236,96,0,2,0,0,0,0,0,61,255,254,254,231,197,151,131,82,80,31,43,91,173,254,255,255,255,230,99,0,4,0,0,0,0,0,0,3,140,255,255,255,255,255,255,255,255,255,255,255,255,255,255,245,205,62,0,3,0,0,0,0,0,0,0,0,13,154,217,228,234,241,241,252,252,252,252,251,240,229,195,94,0,0,2,0,0,0,0,0,0,0,0,0,0,0,0,0,0,0,0,0,0,0,0,0,0,0,0,0,0,0,0,0,0,0,0,0,0,
1,0,0,0,0,0,0,0,0,0,0,0,0,0,0,0,0,0,0,0,0,0,0,0,0,0,0,0,0,0,0,0,0,0,0,0,1,0,42,67,8,0,0,0,0,0,0,0,0,0,0,0,0,0,0,0,0,0,0,0,0,0,0,0,3,0,217,255,77,1,0,0,0,0,0,0,0,0,0,0,0,0,0,0,0,0,0,0,0,0,0,2,0,98,241,255,102,4,0,0,0,0,0,0,0,0,0,0,0,0,0,0,0,0,0,0,0,0,0,0,34,237,255,255,159,11,0,1,0,0,0,0,0,0,0,0,0,0,0,0,0,0,0,0,0,0,3,0,173,254,255,255,192,15,0,1,0,0,0,0,0,0,0,0,0,0,0,0,0,0,0,0,0,1,0,79,242,255,245,254,226,21,0,1,0,0,0,0,0,0,0,0,0,0,0,1,0,0,0,0,0,3,0,196,255,240,154,238,255,41,0,1,0,0,0,0,0,0,0,0,0,0,0,1,48,0,0,0,0,0,80,240,255,136,64,234,255,102,4,0,0,0,0,0,0,0,0,0,0,1,0,118,247,0,0,0,0,17,219,255,245,37,0,223,255,164,12,0,1,0,0,0,0,0,0,0,1,22,181,255,254,0,0,0,0,152,250,255,107,7,0,165,251,241,22,0,1,0,0,0,0,0,0,0,64,219,255,254,221,0,0,0,0,234,255,193,15,0,0,82,239,255,78,1,0,0,0,0,0,0,0,105,242,255,255,185,18,0,0,0,0,249,242,36,0,0,2,6,223,255,175,13,0,1,0,0,1,5,151,253,255,251,125,4,0,0,0,0,0,255,130,7,0,0,3,0,169,251,250,24,0,2,0,1,24,192,255,254,233,82,1,0,0,0,0,0,0,110,18,0,1,0,1,0,76,238,255,82,1,0,0,60,221,255,255,205,46,0,1,0,0,0,0,0,0,0,0,0,0,0,0,2,5,227,255,156,11,0,108,240,255,255,169,18,0,1,0,0,0,0,0,0,0,0,0,0,0,0,0,3,0,172,254,221,21,147,255,254,253,122,5,0,1,0,0,0,0,0,0,0,0,0,0,0,0,0,0,1,0,98,244,255,228,253,255,239,78,0,0,0,0,0,0,0,0,0,0,0,0,0,0,0,0,0,0,0,0,35,236,255,253,255,212,55,0,0,0,0,0,0,0,0,0,0,0,0,0,0,0,0,0,0,0,1,1,111,246,255,255,181,22,0,1,0,0,0,0,0,0,0,0,0,0,0,0,0,0,0,0,0,0,17,156,253,255,251,255,59,0,1,0,0,0,0,0,0,0,0,0,0,0,0,0,0,0,0,0,0,38,196,255,255,242,251,255,162,11,0,1,0,0,0,0,0,0,0,0,0,0,0,0,0,0,0,0,82,230,255,252,255,148,223,255,213,18,0,1,0,0,0,0,0,0,0,0,0,0,0,0,0,2,0,126,250,255,254,255,255,255,255,255,211,18,0,1,0,0,0,0,0,0,0,0,0,0,0,0,1,0,88,246,255,255,255,254,253,239,225,233,121,7,0,0,0,0,0,0,0,0,0,0,0,0,0,0,1,0,104,241,255,239,218,178,118,21,0,0,0,0,0,0,0,0,0,0,0,0,0,0,0,0,0,0,0,1,0,69,85,29,0,0,0,1,1,1,1,0,0,0,0,0,0,0,0,0,0,0,0,0,0,0,0,0,0,0,0,0,0,0,0,0,0,0,0,0,0,0,0,0,0,0,0,0,0,0,
2,0,0,0,0,0,0,0,0,0,0,1,1,1,0,0,0,0,0,0,0,0,0,0,0,0,0,0,0,0,0,0,0,0,0,0,0,0,0,0,0,0,1,3,1,0,0,0,0,0,0,0,0,0,0,0,0,0,0,0,0,0,0,0,0,0,8,19,19,17,0,0,0,1,0,0,0,0,0,0,0,0,0,0,0,0,0,0,0,0,0,1,0,18,137,151,152,146,100,65,12,0,0,0,0,0,0,0,0,0,0,0,0,0,0,0,0,0,1,0,10,136,255,255,255,255,255,253,135,15,0,0,0,0,0,0,0,0,0,0,0,0,0,0,0,0,0,21,126,255,253,193,172,189,207,255,255,79,0,1,0,0,0,0,0,0,0,0,0,0,0,0,0,0,20,164,255,255,186,23,0,0,67,255,237,89,0,1,0,0,0,0,0,0,0,0,0,0,0,0,0,2,122,255,245,168,21,0,6,0,32,255,241,92,0,1,0,0,0,0,0,0,0,0,0,0,0,0,0,4,189,255,176,0,0,0,0,0,56,255,238,76,0,1,0,0,0,0,0,0,0,0,0,0,0,0,0,1,91,166,51,0,1,1,0,8,159,255,232,12,2,0,0,0,0,0,0,0,0,0,0,0,0,0,0,0,0,0,0,0,0,0,0,53,252,254,164,0,3,0,0,0,0,0,0,0,0,0,0,0,0,0,0,0,3,6,2,0,1,0,15,183,255,223,28,1,0,0,0,0,0,0,0,0,0,0,0,0,0,0,0,0,0,0,0,0,0,0,93,255,248,119,0,2,0,0,0,0,0,0,0,0,3,3,0,0,0,0,0,0,0,1,0,1,0,32,225,255,209,10,3,0,0,0,0,0,1,3,4,0,0,0,8,0,0,0,0,0,0,0,0,0,7,151,255,241,78,0,0,0,0,1,3,3,0,0,0,8,43,77,126,0,0,0,0,0,0,0,0,0,87,255,253,160,0,5,2,4,1,0,0,0,13,43,69,126,209,255,255,0,0,0,0,0,0,0,0,46,228,255,212,27,5,0,0,0,0,24,49,76,138,210,255,255,255,228,198,0,0,0,0,0,0,0,35,189,255,238,63,0,0,18,39,60,98,163,228,255,255,255,228,197,158,91,23,0,0,0,0,0,1,23,178,255,232,116,11,55,86,149,201,255,255,255,252,222,191,156,94,21,0,0,0,0,0,0,0,0,0,147,255,251,200,83,172,231,255,255,255,235,204,171,129,77,9,0,0,0,6,3,0,0,0,0,0,4,89,255,249,251,244,255,255,254,223,195,152,101,39,0,0,0,1,6,3,0,0,0,0,0,0,0,0,109,255,252,255,255,253,216,188,135,85,14,0,0,0,5,5,3,0,0,0,0,0,0,0,0,0,0,0,251,255,253,222,191,136,66,4,0,0,0,6,4,1,0,0,0,0,0,0,0,0,0,0,0,0,0,0,146,193,136,65,0,0,0,2,5,3,0,0,0,0,0,0,0,0,0,0,0,0,0,0,0,0,0,0,0,0,0,0,3,5,2,0,0,0,0,0,0,0,0,0,0,0,0,0,0,0,0,0,0,0,0,0,3,3,5,2,0,0,0,0,0,0,0,0,0,0,0,0,0,0,0,0,0,0,0,0,0,0,0,0,0,0,0,0,0,0,0,0,0,0,0,0,0,0,0,0,0,0,0,0,0,0,0,0,0,0,0,0,0,0,0,0,0,0,0,0,0,0,0,0,0,0,0,0,0,0,0,0,0,0,0,0,
3,0,0,0,0,0,0,0,0,0,0,0,0,0,0,0,0,0,0,0,0,0,0,0,0,0,0,0,0,0,0,0,0,3,0,58,127,201,234,250,253,250,255,245,242,74,0,1,0,0,0,0,0,0,0,0,0,0,0,0,3,0,111,229,251,255,255,255,255,255,255,255,255,218,31,0,3,0,0,0,0,0,0,0,0,0,0,1,0,54,221,255,255,255,255,220,109,50,146,247,251,255,99,0,0,0,0,0,0,0,0,0,0,0,0,5,0,145,253,255,243,169,94,31,1,0,0,184,255,255,150,15,0,1,0,0,0,0,0,0,0,0,0,0,33,217,255,255,151,25,0,0,0,5,0,127,243,255,154,18,0,1,0,0,0,0,0,0,0,0,3,0,98,236,253,244,51,0,2,1,0,7,0,176,255,255,154,13,0,2,0,0,0,0,0,0,0,0,2,0,69,238,255,153,14,0,2,0,5,0,86,236,255,255,168,81,3,0,1,0,0,0,0,0,0,0,0,0,2,55,77,21,0,1,0,3,0,88,228,255,254,255,244,245,160,16,0,2,0,0,0,0,0,0,0,1,0,0,0,0,0,0,1,0,55,216,255,250,253,255,255,255,255,119,4,0,1,0,0,0,0,0,0,0,0,1,1,1,0,0,2,0,86,243,255,255,244,194,230,252,253,255,112,6,0,0,0,0,0,0,2,5,2,0,0,0,0,0,0,1,2,113,170,98,33,15,64,232,255,254,249,71,0,1,0,0,0,2,0,0,0,0,0,0,0,0,0,1,0,7,14,3,0,0,0,68,232,255,255,195,25,0,2,0,0,0,108,203,111,12,0,0,0,0,0,0,1,0,0,0,2,1,1,0,96,238,255,255,103,3,0,0,0,19,210,255,248,45,0,3,0,0,0,0,0,0,1,0,0,0,0,3,0,182,255,255,221,33,0,1,0,31,220,255,255,215,51,0,1,0,0,0,0,0,0,0,0,0,0,2,0,55,229,255,255,128,9,0,0,0,170,255,252,255,233,60,0,2,0,0,0,0,0,0,0,0,0,0,5,0,162,255,255,224,36,0,0,0,15,169,255,255,255,232,77,0,1,0,0,0,0,0,0,0,0,0,1,0,48,225,255,255,51,0,0,1,0,9,94,239,255,255,246,122,2,0,2,0,0,0,0,0,0,0,0,3,1,210,255,255,65,0,0,0,1,0,0,100,247,255,255,253,165,13,0,3,0,0,0,0,0,0,0,3,1,213,255,255,101,1,0,0,0,1,0,0,86,233,255,255,253,216,47,0,3,0,0,0,0,0,0,6,0,182,255,255,106,1,0,0,0,0,1,0,2,43,203,255,253,255,235,95,0,0,2,0,0,0,0,5,0,178,255,255,104,1,0,0,0,0,0,1,0,0,22,158,255,254,255,250,155,19,0,4,2,0,0,7,0,176,255,255,104,1,0,0,0,0,0,0,0,1,0,6,101,244,255,255,252,218,87,0,0,0,1,0,33,214,255,255,107,2,0,0,0,0,0,0,0,0,2,0,3,51,200,255,253,255,245,194,108,33,33,54,191,255,249,255,68,0,0,0,0,0,0,0,0,0,0,1,0,0,22,138,255,255,253,255,243,231,232,235,254,249,255,147,14,0,0,0,0,0,0,0,0,0,0,0,0,1,0,7,56,184,255,255,255,255,255,255,255,255,192,30,0,1,0,0,0,0,0,0,0,0,0,0,0,0,1,0,0,3,54,150,220,251,255,239,197,124,21,0,1,0,0,
4,0,0,0,0,0,0,0,0,0,0,0,0,0,0,5,0,176,255,210,36,0,2,0,0,0,0,0,0,0,0,0,0,0,0,0,0,0,0,0,0,0,1,0,51,225,255,207,36,0,2,0,0,0,0,0,0,0,0,0,0,0,0,0,0,0,0,0,0,0,5,0,159,251,255,116,4,0,0,0,0,0,0,0,0,0,0,0,0,0,0,0,0,0,0,0,0,1,0,49,221,255,228,47,0,2,0,0,0,0,0,0,0,0,0,0,0,0,0,0,0,0,0,0,0,5,0,161,252,255,121,4,0,0,0,0,0,0,0,0,0,0,0,0,0,0,0,0,0,0,0,0,1,0,47,220,255,227,45,0,3,0,0,0,0,0,0,0,0,0,0,0,0,0,0,0,0,0,0,0,5,0,162,253,255,121,5,0,0,0,0,0,0,0,0,0,0,0,0,0,0,0,0,0,0,0,0,1,0,48,222,255,239,50,0,3,0,0,0,0,0,0,0,0,0,0,0,0,0,0,0,0,0,0,0,5,0,161,252,255,143,12,0,1,0,0,0,0,0,0,0,0,0,0,0,0,0,0,0,0,0,0,0,0,28,215,255,241,55,0,2,0,0,0,0,0,0,0,0,0,0,0,0,0,0,0,0,0,0,0,4,0,152,250,255,144,13,0,4,0,0,0,0,0,0,0,0,0,0,0,0,0,0,0,0,0,0,1,0,47,223,255,244,57,0,5,0,0,1,0,0,0,0,0,0,0,0,0,0,0,0,0,0,0,0,5,0,161,253,255,144,6,47,187,159,20,0,2,0,0,0,0,0,0,0,0,0,0,0,0,0,0,1,0,53,223,255,239,59,0,156,255,255,67,0,2,0,0,0,0,0,0,0,0,0,0,0,0,0,0,5,0,173,255,255,124,10,0,196,255,255,83,0,2,0,0,0,0,0,0,0,0,0,0,0,0,0,2,0,67,230,255,231,47,0,5,206,255,255,82,0,2,0,0,0,0,0,0,0,0,0,0,0,0,0,5,0,176,255,255,114,0,0,0,205,255,255,83,0,2,0,0,0,0,0,0,0,0,0,0,0,0,1,0,36,221,255,248,114,70,87,168,248,251,255,82,0,2,0,0,0,0,0,0,0,0,0,0,0,0,4,0,156,250,249,245,227,223,227,251,255,249,255,82,0,2,0,0,0,0,0,0,0,0,0,0,0,0,5,0,180,255,255,255,255,255,255,255,255,249,255,82,0,2,0,0,0,0,0,0,0,0,0,0,0,0,1,0,33,93,104,101,101,98,107,64,201,255,255,82,0,2,0,0,0,0,0,0,0,0,0,0,0,0,0,1,0,0,0,0,0,0,7,0,177,255,255,82,0,2,0,0,0,0,0,0,0,0,0,0,0,0,0,0,2,1,0,0,1,0,6,0,182,255,255,82,0,2,0,0,0,0,0,0,0,0,0,0,0,0,0,0,0,0,0,0,0,0,6,0,181,255,255,83,0,2,0,0,0,0,0,0,0,0,0,0,0,0,0,0,0,0,0,0,0,0,6,0,179,255,255,81,0,2,0,0,0,0,0,0,0,0,0,0,0,0,0,0,0,0,0,0,0,0,6,0,182,255,255,85,0,2,0,0,0,0,0,0,0,0,0,0,0,0,0,0,0,0,0,0,0,0,3,0,93,238,220,38,0,2,0,0,0,0,0,0,0,0,0,0,0,0,0,0,0,0,0,0,0,0,0,0,0,0,0,0,0,0,0,0,0,0,0,0,0,
5,0,0,0,0,0,0,0,0,0,0,0,0,0,0,0,0,0,0,0,0,0,0,0,0,0,0,0,0,0,0,0,0,0,0,0,0,0,0,0,0,0,0,0,0,0,0,0,0,0,0,0,0,0,0,0,0,0,0,0,0,0,0,0,0,0,0,0,0,0,0,0,0,0,0,0,0,0,0,0,0,0,0,0,0,0,0,0,0,0,0,0,0,0,0,0,0,0,0,0,0,0,0,0,0,0,0,0,0,0,0,0,0,0,0,0,0,0,0,0,0,0,0,0,0,0,0,0,0,0,0,0,0,0,0,0,0,0,0,0,0,0,0,0,0,0,0,1,1,1,0,0,0,0,0,0,0,0,0,0,0,0,0,0,0,0,0,0,0,0,0,0,0,0,4,13,1,0,0,0,0,0,0,0,0,0,0,0,0,0,0,0,1,1,0,0,0,0,0,1,0,9,134,255,231,203,164,124,86,62,79,112,144,167,167,169,161,124,89,51,10,0,0,0,1,0,0,5,74,156,208,255,253,255,254,253,253,252,252,253,254,254,254,255,255,254,253,253,250,219,146,60,3,0,64,221,254,255,255,255,255,255,255,255,247,232,247,255,255,255,255,255,255,255,255,255,255,255,252,255,195,0,235,255,211,109,79,82,81,83,76,40,8,2,8,35,78,121,169,212,247,255,255,255,255,255,255,255,254,0,255,173,0,6,0,1,0,0,0,0,0,0,0,0,0,5,34,60,89,107,94,101,124,138,134,140,103,0,255,186,0,6,0,0,0,0,0,1,0,3,49,124,187,234,253,252,253,253,251,173,32,0,2,1,1,0,230,202,1,3,0,0,0,1,0,29,130,216,255,253,255,255,229,194,174,191,236,255,201,36,0,0,0,0,199,220,32,0,1,0,0,45,162,248,254,255,226,148,83,24,0,2,3,0,35,177,255,172,0,5,0,0,159,242,67,0,3,55,179,252,255,245,163,58,1,2,0,0,0,0,0,3,0,56,255,188,0,4,0,0,128,255,117,91,198,255,255,240,134,25,0,1,0,0,0,0,0,0,0,4,0,61,255,185,0,4,0,0,96,255,246,255,255,227,114,19,0,0,0,0,0,0,0,0,0,0,0,3,0,80,255,165,0,6,0,0,67,255,234,177,87,10,1,0,0,0,0,0,0,0,0,0,0,0,1,0,11,139,255,125,0,5,0,0,3,18,10,1,1,0,0,0,0,0,0,0,0,0,0,0,0,0,3,0,49,239,220,58,0,2,0,0,0,0,0,0,0,0,0,0,0,0,0,0,0,0,0,0,0,0,0,6,122,255,167,0,4,0,0,0,0,0,0,0,0,0,0,0,0,0,0,0,0,0,0,0,0,3,0,52,242,226,74,0,2,0,0,0,0,0,0,0,0,0,0,0,0,0,0,0,0,0,0,0,2,0,26,173,255,159,0,4,0,0,0,0,0,0,0,0,0,0,1,1,1,1,1,0,0,0,0,0,0,41,188,255,195,24,0,0,0,0,0,0,0,0,0,0,0,0,0,0,0,0,0,15,43,70,103,139,189,240,255,201,32,0,1,0,0,0,0,0,0,0,0,2,0,37,187,223,199,213,240,247,253,253,254,255,255,248,147,21,0,0,0,0,0,0,0,0,0,0,0,3,0,41,208,255,255,255,255,247,217,179,152,120,75,19,0,0,0,0,0,0,0,0,0,0,0,0,0,0,0,1,12,25,23,24,21,9,2,2,1,1,0,0,0,0,0,0,0,0,0,0,0,
6,0,0,0,0,0,0,0,0,0,0,0,0,3,0,0,35,128,247,255,220,153,61,0,0,2,0,0,0,0,0,0,0,0,0,0,0,0,0,0,2,0,11,81,201,255,242,172,70,0,0,4,2,0,0,0,0,0,0,0,0,0,0,0,0,0,0,2,0,31,142,255,255,207,109,2,0,5,2,0,0,0,0,0,0,0,0,0,0,0,0,0,0,0,3,0,41,192,255,239,157,39,0,2,3,0,0,0,0,0,0,0,0,0,0,0,0,0,0,0,0,1,0,25,185,255,212,99,0,0,5,0,0,0,0,0,0,0,0,0,0,0,0,0,0,0,0,0,0,4,0,134,255,214,60,0,4,1,0,0,0,0,0,0,0,0,0,0,0,0,0,0,0,0,0,0,3,0,62,214,255,99,0,6,0,0,0,0,0,0,0,0,0,0,0,0,0,0,0,0,0,0,0,0,3,0,143,255,166,23,0,0,0,0,0,0,0,0,0,0,0,0,0,0,0,0,0,0,0,0,0,3,0,62,214,255,89,0,5,0,0,0,0,0,0,0,0,0,0,0,0,0,0,0,0,0,0,0,0,4,0,126,255,171,26,0,1,0,0,0,0,0,0,0,0,0,0,0,0,0,0,0,0,0,0,0,1,0,23,178,255,113,0,4,0,0,0,0,0,0,0,0,0,0,0,0,0,0,0,0,0,0,0,0,3,0,71,226,231,65,0,4,0,0,0,0,0,0,0,0,0,0,0,0,0,0,0,0,0,0,0,0,5,0,99,255,185,34,0,2,0,0,0,0,2,2,3,3,1,0,0,0,0,0,0,0,0,0,0,0,5,0,106,255,168,21,0,1,0,2,4,0,0,0,0,0,0,1,0,0,0,0,0,0,0,0,0,0,5,0,104,255,154,9,0,1,1,0,0,2,25,40,53,44,10,0,1,0,0,0,0,0,0,0,0,0,5,0,105,255,156,11,0,0,0,31,67,114,173,213,235,222,83,0,3,0,0,0,0,0,0,0,0,0,5,0,105,255,156,12,0,1,67,184,255,255,255,232,230,255,191,31,0,2,0,0,0,0,0,0,0,0,5,0,104,255,154,11,0,90,232,255,222,175,125,75,93,201,255,107,0,3,0,0,0,0,0,0,0,0,5,0,106,255,165,4,59,225,255,195,74,0,0,0,0,130,255,149,6,0,0,0,0,0,0,0,0,0,5,0,103,255,185,26,132,255,199,41,0,6,4,10,0,110,255,149,8,0,0,0,0,0,0,0,0,0,4,0,84,246,192,56,167,255,96,0,9,1,0,0,42,177,255,143,0,1,0,0,0,0,0,0,0,0,3,0,59,217,238,112,178,255,100,0,0,0,17,80,203,255,227,73,0,3,0,0,0,0,0,0,0,0,0,0,17,169,255,235,225,255,145,0,16,58,151,255,255,207,73,0,2,0,0,0,0,0,0,0,0,0,0,3,0,64,177,247,255,255,186,108,154,249,255,231,159,41,0,3,0,0,0,0,0,0,0,0,0,0,0,0,3,0,4,93,178,221,255,255,255,215,160,72,0,0,3,0,0,0,0,0,0,0,0,0,0,0,0,0,0,0,0,0,0,0,0,0,0,0,0,0,0,0,0,0,0,0,0,0,0,0,0,0,0,0,0,0,0,0,0,0,0,0,0,0,0,0,0,0,0,0,0,0,0,0,0,0,0,0,0,0,0,0,0,0,0,0,0,0,0,0,0,0,0,0,0,0,0,0,0,0,0,0,0,0,0,
7,0,0,0,0,0,0,0,0,0,0,0,0,0,0,0,0,0,0,0,0,0,0,0,0,0,0,0,0,0,0,0,0,0,0,0,0,0,0,0,0,0,0,0,0,0,0,0,0,0,0,0,0,0,0,0,0,0,0,0,0,0,0,0,0,0,0,0,0,0,0,0,0,0,0,0,0,0,0,0,0,0,0,0,0,255,255,242,216,182,147,107,64,39,30,18,3,0,0,0,2,1,0,0,0,0,0,0,0,0,0,0,0,239,248,255,255,255,255,255,255,255,228,179,119,67,39,12,0,0,0,3,2,0,0,0,0,0,0,0,0,103,128,141,177,195,207,220,234,254,255,255,255,255,206,138,70,36,8,0,0,0,3,1,0,0,0,0,0,0,0,0,0,3,39,74,115,157,189,212,233,255,255,255,255,198,128,72,33,1,0,0,2,0,0,0,0,4,5,5,7,2,0,0,0,0,0,44,104,167,206,231,255,255,255,255,188,111,54,21,0,0,0,0,0,0,0,0,0,0,1,2,4,6,4,0,0,0,27,96,165,204,235,255,255,255,237,164,59,1,0,0,0,0,0,0,1,0,0,0,0,0,0,1,4,6,0,0,0,23,108,176,213,247,255,255,197,5,0,0,0,0,0,0,0,0,0,0,0,0,0,0,0,0,0,3,6,0,0,0,47,145,248,255,193,5,0,0,0,0,0,0,0,0,0,0,0,0,0,0,0,0,0,0,0,0,4,6,0,30,236,255,163,4,0,0,0,0,0,0,0,0,0,0,0,0,0,0,0,0,0,0,0,0,0,1,0,146,248,255,87,1,0,0,0,0,0,0,0,0,0,0,0,0,0,0,0,0,0,0,0,0,0,3,6,221,255,238,24,0,0,0,0,0,0,0,0,0,0,0,0,0,0,0,0,0,0,0,0,0,2,0,102,245,255,150,9,0,0,0,0,0,0,0,0,0,0,0,0,0,0,0,0,0,0,0,0,0,3,0,195,253,255,58,0,0,0,0,0,0,0,0,0,0,0,0,0,0,0,0,1,1,1,1,1,1,0,57,242,255,193,11,0,0,0,0,0,0,0,0,0,0,0,0,1,1,0,0,0,0,0,0,0,0,0,164,249,255,92,4,0,0,0,0,0,0,0,0,0,0,0,0,0,0,0,6,16,18,17,17,17,18,36,235,255,219,6,0,1,0,0,0,0,0,0,0,0,0,0,1,5,82,109,122,148,150,149,150,150,149,192,250,255,180,70,29,2,0,0,0,0,0,0,0,0,0,0,0,45,255,255,255,255,255,255,255,255,255,255,255,255,255,255,196,14,0,0,0,0,0,0,0,0,0,0,0,36,193,218,216,218,218,217,218,213,247,253,255,225,239,248,241,19,0,0,0,0,0,0,0,0,0,0,1,0,33,61,62,62,62,62,63,78,238,255,238,77,110,145,83,5,0,0,0,0,0,0,0,0,0,0,0,2,0,0,0,0,0,0,0,129,247,255,128,0,0,0,0,0,0,0,0,0,0,0,0,0,0,0,0,0,1,2,2,2,1,3,27,236,255,241,32,0,5,5,3,0,0,0,0,0,0,0,0,0,0,0,0,0,0,0,0,0,3,0,147,247,255,126,6,0,0,0,0,0,0,0,0,0,0,0,0,0,0,0,0,0,0,0,0,1,0,44,238,255,240,31,0,1,0,0,0,0,0,0,0,0,0,0,0,0,0,0,0,0,0,0,0,2,2,177,249,255,117,5,0,0,0,0,0,0,0,0,0,0,
8,0,0,0,0,0,0,0,0,0,0,0,0,0,0,0,0,0,0,0,0,0,0,0,0,0,0,0,0,0,0,0,0,0,0,0,0,0,0,3,57,170,234,255,254,255,255,204,66,0,2,0,0,0,0,0,0,0,0,0,0,0,0,0,0,4,49,160,255,255,255,255,254,255,253,255,238,77,0,3,0,0,0,0,0,0,0,0,0,0,0,2,0,85,253,255,251,253,253,254,255,255,255,251,255,159,0,3,0,0,0,0,0,0,0,0,0,0,2,0,38,191,255,250,255,255,255,255,247,251,255,253,255,226,76,0,3,0,0,0,0,0,0,0,0,1,0,12,141,255,252,255,255,255,238,184,128,188,255,253,253,255,153,0,5,0,0,0,0,0,0,0,0,4,0,62,238,255,255,255,255,209,70,0,0,83,253,254,251,255,180,0,4,0,0,0,0,0,0,0,0,3,0,57,229,255,252,255,203,40,0,9,0,32,181,255,248,255,178,0,4,0,0,0,0,0,0,0,0,4,0,58,231,255,253,255,138,0,8,0,0,40,198,255,248,255,179,0,4,0,0,0,0,0,0,0,0,4,0,59,232,255,252,255,157,0,5,0,0,112,253,255,251,255,178,0,4,0,0,0,0,0,0,0,0,3,0,55,225,255,252,255,215,52,0,4,83,234,255,255,249,255,182,0,5,0,0,0,0,0,0,0,0,1,0,19,157,255,251,255,244,144,60,149,244,255,254,255,255,255,153,0,4,0,0,0,0,0,0,0,0,0,4,0,85,255,250,255,255,255,255,255,254,254,255,253,250,165,22,0,1,0,0,0,0,0,0,0,0,0,3,0,48,213,255,254,255,252,250,253,255,255,253,255,165,4,0,1,0,0,0,0,0,0,0,0,0,0,1,0,12,145,255,250,255,255,255,255,254,255,255,255,227,122,26,0,1,0,0,0,0,0,0,0,0,0,0,3,0,104,255,249,255,254,254,255,255,255,254,255,255,255,168,9,1,0,0,0,0,0,0,0,0,0,1,0,12,144,255,251,255,255,255,240,236,255,255,255,253,255,237,99,0,4,0,0,0,0,0,0,0,0,2,0,37,195,255,253,255,255,206,88,71,183,246,254,255,255,248,120,0,5,0,0,0,0,0,0,0,0,3,0,96,255,252,253,255,199,30,0,0,0,117,255,252,255,247,118,0,5,0,0,0,0,0,0,0,1,0,22,165,255,251,255,246,117,0,6,3,0,88,255,251,255,249,121,0,5,0,0,0,0,0,0,0,1,0,23,165,255,248,255,199,28,0,2,0,31,181,255,251,255,243,111,0,5,0,0,0,0,0,0,0,1,0,23,165,255,248,255,197,23,0,0,20,139,255,252,252,255,201,30,0,1,0,0,0,0,0,0,0,1,0,25,169,255,251,255,249,127,0,47,178,255,253,255,253,255,151,0,5,0,0,0,0,0,0,0,0,1,0,19,155,255,252,254,255,201,105,197,255,250,255,251,255,207,46,0,2,0,0,0,0,0,0,0,0,0,4,0,68,245,255,255,255,255,255,255,253,255,255,255,236,102,0,4,0,0,0,0,0,0,0,0,0,0,2,0,30,174,255,252,254,254,252,254,254,255,252,221,102,0,5,0,0,0,0,0,0,0,0,0,0,0,0,3,0,50,210,255,255,255,255,255,255,255,168,20,0,4,0,0,0,0,0,0,0,0,0,0,0,0,0,0,1,2,54,168,235,251,255,255,247,157,23,0,3,0,0,0,0,0,0,0,0,
9,0,0,0,0,0,0,0,0,0,0,0,0,0,0,0,0,0,0,0,0,0,0,0,0,0,0,0,0,0,0,0,0,0,0,0,0,0,0,0,0,0,0,0,0,0,0,0,0,0,0,0,0,0,0,0,0,0,0,0,0,0,0,1,4,0,0,89,186,223,241,253,255,253,245,215,91,0,3,0,0,0,0,0,0,0,0,0,0,0,1,0,0,71,197,238,255,255,255,255,229,241,255,255,230,72,0,2,0,0,0,0,0,0,0,0,0,0,0,51,160,234,255,255,255,189,82,42,34,47,164,255,255,195,64,0,1,0,0,0,0,0,0,0,1,0,47,232,251,255,255,209,97,24,0,0,0,0,22,129,229,255,213,15,1,0,0,0,0,0,0,1,0,11,164,255,255,229,109,30,2,0,1,3,2,3,0,23,209,255,241,27,1,0,0,0,0,0,0,1,0,17,208,255,234,40,6,0,0,2,0,0,0,1,0,16,208,255,229,7,2,0,0,0,0,0,0,1,0,17,208,255,223,0,3,1,0,0,0,0,0,1,0,18,208,255,224,0,4,0,0,0,0,0,0,1,0,17,208,255,225,0,4,0,0,0,0,0,0,1,0,16,214,255,224,0,4,0,0,0,0,0,0,1,0,17,207,255,234,20,1,0,0,0,0,0,0,1,0,48,254,255,224,0,4,0,0,0,0,0,0,1,0,17,211,255,236,26,1,0,0,0,0,0,0,0,3,99,255,255,231,6,2,0,0,0,0,0,0,1,0,14,181,255,235,23,1,0,0,0,0,0,0,0,6,125,255,255,236,24,1,0,0,0,0,0,0,1,0,11,161,255,237,45,0,0,0,0,0,0,1,0,12,181,255,255,236,25,1,0,0,0,0,0,0,1,0,11,163,255,240,71,0,1,0,0,0,0,1,0,45,255,251,255,235,25,1,0,0,0,0,0,0,1,0,8,139,255,240,72,0,1,0,0,0,1,0,9,159,255,252,255,236,31,0,0,0,0,0,0,0,0,0,5,114,255,242,96,0,1,0,0,0,1,1,51,254,252,254,255,241,67,0,1,0,0,0,0,0,0,0,5,116,255,245,121,0,2,0,0,2,0,5,194,255,253,243,255,241,73,0,1,0,0,0,0,0,0,0,1,79,255,244,118,0,1,0,3,0,15,176,255,254,228,132,255,241,90,0,1,0,0,0,0,0,0,0,0,66,255,249,157,0,5,3,0,38,192,255,255,243,76,110,255,245,120,0,2,0,0,0,0,0,0,1,0,56,255,250,170,0,0,0,89,216,255,255,241,75,1,87,255,244,118,0,2,0,0,0,0,0,0,2,0,28,255,253,186,0,101,186,236,255,255,228,50,1,0,66,255,249,159,0,3,0,0,0,0,0,0,2,0,21,251,254,243,195,239,255,255,255,180,34,0,1,0,61,255,250,172,0,3,0,0,0,0,0,0,1,0,16,203,252,250,255,255,255,202,87,21,0,2,1,0,29,255,250,169,0,3,0,0,0,0,0,0,0,0,2,89,255,255,255,184,90,27,0,0,3,0,2,0,22,255,250,170,0,3,0,0,0,0,0,0,0,0,0,8,59,74,57,23,0,0,1,1,0,0,2,0,24,255,250,170,0,3,0,0,0,0,0,0,0,0,0,0,0,0,0,0,0,2,0,0,0,0,2,0,23,255,250,167,0,3,0,0,0,0,0,0,0,0,0,0,2,2,2,2,0,0,0,0,0,0,2,0,25,255,250,178,0,3,0,0,0,
0,0,0,0,0,0,0,0,0,0,0,8,127,255,228,140,35,0,87,255,169,0,3,0,0,0,0,0,0,0,0,0,0,0,0,0,1,0,35,177,255,188,28,0,0,0,21,174,243,82,0,3,0,0,0,0,0,0,0,0,0,0,0,1,0,18,162,255,170,40,0,6,0,3,0,78,255,164,0,4,0,0,0,0,0,0,0,0,0,0,0,3,0,45,231,194,7,0,1,0,0,2,0,30,194,228,56,0,2,0,0,0,0,0,0,0,0,0,0,4,0,69,255,162,0,6,0,1,0,0,2,0,95,255,144,0,5,0,0,0,0,0,0,0,0,0,0,2,0,109,255,115,0,5,0,0,0,0,3,0,41,222,211,32,0,1,0,0,0,0,0,0,0,0,1,0,20,163,255,130,5,1,0,0,0,0,0,0,6,131,255,113,0,4,0,0,0,0,0,0,0,0,3,0,47,209,255,214,53,0,2,0,0,0,0,4,0,57,255,183,0,3,0,0,0,0,0,0,0,0,3,0,46,215,251,117,0,4,0,0,0,0,0,1,0,23,175,236,69,0,2,0,0,0,0,0,0,0,3,0,53,243,198,21,0,0,0,0,0,0,0,0,3,0,93,255,131,0,5,0,0,0,0,0,0,0,1,0,113,255,130,0,5,0,0,0,0,0,0,0,3,0,49,243,192,3,2,0,0,0,0,0,0,2,0,35,206,219,47,0,1,0,0,0,0,0,0,0,1,0,21,174,232,61,0,2,0,0,0,0,0,4,0,76,255,162,0,5,0,0,0,0,0,0,0,0,0,1,0,113,255,113,0,4,0,0,0,0,1,0,11,149,250,87,0,3,0,0,0,0,0,0,0,0,0,4,0,62,255,166,0,5,0,0,0,0,3,0,45,231,200,18,0,0,0,0,0,0,0,0,0,0,0,3,0,44,229,197,9,1,0,0,0,0,3,0,84,255,144,0,6,0,0,0,0,0,0,0,0,0,0,1,0,25,185,222,44,0,1,0,0,1,0,13,155,243,77,0,3,0,0,0,0,0,0,0,0,0,0,0,0,11,155,232,53,0,1,0,0,3,0,45,230,198,14,0,0,0,0,0,0,0,0,0,0,0,0,1,0,19,177,226,49,0,1,0,0,3,0,85,255,144,0,6,0,0,0,0,0,0,0,0,0,0,0,2,0,60,244,192,9,1,0,0,0,0,9,146,248,83,0,3,0,0,0,0,0,0,0,0,0,0,1,0,41,193,254,102,0,4,0,0,1,0,20,173,231,54,0,3,0,0,0,0,0,0,0,0,1,0,0,44,191,255,138,0,4,0,0,0,0,0,2,120,255,142,0,1,0,0,0,0,0,0,0,1,0,0,62,211,255,148,4,2,0,0,0,0,0,3,0,37,209,246,101,0,1,0,0,0,0,1,0,0,6,101,245,248,130,0,2,0,0,0,0,0,0,0,3,0,63,247,235,85,0,3,1,2,1,0,0,26,146,255,223,99,0,4,0,0,0,0,0,0,0,0,0,2,0,72,252,219,51,0,0,0,0,4,63,209,255,191,55,0,5,0,0,0,0,0,0,0,0,0,0,0,0,1,97,255,204,38,19,19,47,156,255,248,150,13,0,3,0,0,0,0,0,0,0,0,0,0,0,0,1,0,10,123,253,240,198,219,255,249,200,81,0,2,1,0,0,0,0,0,0,0,0,0,0,0,0,0,0,0,0,0,0,0,0,0,0,0,0,0,0,0,0,0,0,0,0,0,0,0,0,25.0
1,0,0,0,0,0,0,0,0,0,0,0,0,0,0,0,0,0,0,0,0,0,0,0,0,0,0,0,0,0,0,0,0,0,0,0,0,4,80,145,111,0,2,0,3,62,147,117,0,2,0,0,0,0,0,0,0,0,0,0,0,0,0,1,0,17,226,255,164,0,3,0,5,123,255,230,0,4,0,0,0,0,0,0,0,0,0,0,0,0,0,0,0,56,255,235,44,0,0,0,3,98,255,209,0,3,0,0,0,0,0,0,0,0,0,0,0,0,0,0,7,137,255,203,0,3,0,0,0,69,255,214,0,3,0,0,0,0,0,0,0,0,0,0,0,0,1,0,20,227,248,128,0,2,0,0,0,59,255,212,0,3,0,0,0,0,0,0,0,0,0,0,0,0,0,1,70,255,240,41,0,0,0,0,0,61,255,213,0,3,0,0,0,0,0,0,0,0,0,0,0,1,0,9,164,255,190,0,2,0,0,0,0,60,255,213,0,3,0,0,0,0,0,0,0,0,0,0,0,1,0,31,253,245,103,0,1,0,0,0,0,62,255,213,0,3,0,0,0,0,0,0,0,0,0,0,0,0,5,116,255,227,18,1,0,0,0,0,0,56,255,212,0,3,0,0,0,0,0,0,2,0,0,0,1,0,24,232,249,152,0,2,0,0,0,0,2,93,255,213,0,3,0,0,0,0,3,5,0,0,0,0,0,6,129,255,239,40,0,0,0,0,0,0,6,129,255,210,0,4,0,0,3,3,0,0,49,0,0,0,0,12,187,246,149,0,2,0,0,0,1,0,13,195,254,158,0,1,1,3,0,0,82,157,204,0,0,0,0,9,181,255,75,0,1,0,0,0,1,0,15,226,243,76,0,5,0,0,85,169,226,255,255,0,0,0,0,2,51,84,18,0,0,0,0,0,1,0,14,220,242,59,0,0,55,161,225,255,253,159,88,0,0,0,0,0,0,0,0,0,0,0,0,0,1,0,14,221,242,50,8,124,210,255,255,167,74,23,0,0,0,0,0,0,3,5,1,0,0,0,0,0,0,0,18,221,245,131,177,248,255,207,95,27,0,0,4,0,0,0,0,0,0,0,0,0,0,0,0,0,4,0,3,215,253,234,255,252,129,46,0,0,3,1,0,0,0,0,0,0,0,0,0,0,0,0,2,5,0,0,98,243,253,255,183,79,8,0,3,1,0,0,0,0,0,0,0,0,0,0,0,0,2,5,0,0,60,167,227,255,255,118,34,0,0,3,0,0,0,0,0,0,0,0,0,0,0,0,2,5,0,0,53,149,211,255,255,179,86,1,0,3,0,0,0,0,0,0,0,0,0,0,0,0,2,6,0,0,55,150,208,255,255,199,90,31,0,0,2,0,0,0,0,0,0,0,0,0,0,0,2,5,0,0,56,149,210,255,255,240,122,43,0,0,3,0,0,0,0,0,0,0,0,0,0,0,0,4,0,0,55,149,212,255,255,255,143,63,3,0,3,2,0,0,0,0,0,0,0,0,0,0,0,0,0,0,56,150,210,255,255,254,163,79,13,0,0,3,0,0,0,0,0,0,0,0,0,0,0,0,0,0,0,149,206,255,255,255,198,85,24,0,0,4,0,0,0,0,0,0,0,0,0,0,0,0,0,0,0,0,0,242,255,255,163,120,40,0,0,4,1,0,0,0,0,0,0,0,0,0,0,0,0,0,0,0,0,0,0,40,56,49,16,0,0,2,1,0,0,0,0,0,0,0,0,0,0,0,0,0,0,0,0,0,0,26.0
2,0,0,0,0,0,0,0,0,0,0,0,0,0,0,0,0,0,0,0,0,0,0,0,0,0,0,0,0,0,0,0,0,0,0,0,0,0,0,0,0,0,0,0,0,0,0,0,0,0,0,0,0,0,0,0,0,0,0,0,0,0,0,1,0,0,0,5,53,84,80,78,39,0,2,0,0,0,0,0,0,0,0,0,0,0,0,0,0,0,0,0,23,92,158,227,254,252,252,255,234,98,0,3,0,0,0,0,0,0,0,0,0,0,0,3,47,102,162,210,243,253,255,255,255,230,196,224,255,199,12,1,0,0,0,0,0,0,0,0,0,0,0,149,255,249,255,255,255,238,163,101,32,3,0,53,241,232,87,0,3,0,0,0,0,0,0,0,0,0,0,254,252,219,171,117,51,3,3,1,0,0,0,22,161,255,167,0,5,0,0,0,0,0,0,0,0,0,0,255,196,0,6,0,0,0,0,0,0,0,2,0,89,255,201,29,0,1,0,0,0,0,0,0,0,0,0,255,195,0,4,0,0,0,0,0,0,0,3,0,48,236,238,100,0,3,0,0,0,0,0,0,0,0,0,177,134,0,4,0,0,0,0,0,0,0,1,0,23,163,255,159,0,6,0,0,0,0,0,0,0,0,0,2,2,0,0,0,0,0,0,0,0,0,0,2,0,88,255,194,10,1,0,0,0,0,0,0,0,0,0,0,0,0,0,0,0,0,0,0,0,0,0,3,0,54,255,219,61,0,2,0,0,0,0,0,0,0,0,0,0,0,0,0,0,0,0,0,0,0,0,2,0,34,202,239,89,0,3,0,0,0,0,0,0,0,0,0,0,0,0,0,0,0,0,0,0,0,0,2,0,33,200,240,89,0,3,0,0,0,0,0,0,0,0,0,0,0,0,0,0,0,0,0,0,0,0,0,0,104,255,214,56,0,2,0,0,0,0,1,0,0,0,0,0,0,0,0,0,0,0,0,0,0,4,0,63,250,255,154,0,5,0,0,0,1,0,15,94,0,0,0,0,0,0,0,0,0,0,0,0,2,0,57,217,255,193,22,0,1,0,1,0,21,131,236,253,0,0,0,0,0,0,0,0,0,0,1,0,23,148,237,255,194,25,0,1,0,0,40,153,231,255,255,239,0,0,0,0,0,0,0,0,0,2,0,33,193,255,255,197,24,0,0,20,107,197,250,252,255,237,123,22,0,0,0,0,0,0,0,0,1,0,17,150,255,236,125,11,12,101,188,245,253,255,255,222,101,15,1,0,0,0,0,0,0,0,0,0,0,4,112,255,236,127,70,174,238,254,255,255,240,162,60,3,2,0,0,0,0,0,0,0,0,0,0,2,0,85,255,255,245,225,255,254,255,246,173,73,14,1,0,0,0,0,0,0,0,0,0,0,0,0,3,0,46,221,255,254,255,255,247,184,90,25,0,1,0,0,0,0,0,0,0,0,0,0,0,0,0,1,0,22,166,255,253,254,204,104,21,1,1,0,0,0,0,0,0,0,0,0,0,0,0,0,0,0,2,0,27,177,255,255,215,65,0,3,0,0,0,0,0,0,0,0,0,0,0,0,0,0,0,0,0,0,4,0,67,255,243,159,20,0,0,0,0,0,0,0,0,0,0,0,0,0,0,0,0,0,0,0,0,0,4,0,60,255,186,10,1,0,0,0,0,0,0,0,0,0,0,0,0,0,0,0,0,0,0,0,0,0,0,0,6,36,28,0,1,0,0,0,0,0,0,0,0,0,0,0,0,0,0,0,0,0,27.0
3,0,0,0,0,0,0,0,0,0,0,0,0,0,0,0,0,0,0,0,0,0,0,0,0,0,0,0,0,0,0,0,0,0,0,0,0,0,0,0,0,0,0,0,0,0,0,0,0,0,0,0,0,0,0,0,0,0,0,0,2,0,0,27,62,111,156,196,215,214,215,194,78,0,2,0,0,0,0,0,0,0,0,0,0,0,3,0,0,30,109,194,255,255,255,255,247,232,244,255,183,23,0,1,0,0,0,0,0,0,0,0,0,4,0,7,81,185,255,255,240,189,154,131,103,60,157,255,209,60,0,3,0,0,0,0,0,0,0,0,0,0,36,135,243,255,231,170,111,26,0,0,0,0,74,225,255,110,0,5,0,0,0,0,0,0,0,0,0,83,193,255,255,199,96,0,0,0,6,6,5,0,27,174,255,124,0,5,0,0,0,0,0,0,0,0,0,255,255,234,151,35,0,3,5,1,0,0,0,0,31,177,255,124,0,5,0,0,0,0,0,0,0,0,0,255,204,95,0,0,5,0,0,0,0,1,6,0,89,237,255,110,0,4,0,1,0,0,0,0,0,0,0,213,55,0,3,2,0,0,0,0,2,0,0,46,187,255,196,48,0,6,0,0,0,0,0,0,0,0,0,86,0,4,0,0,0,0,0,1,0,13,88,218,255,255,145,4,0,0,0,3,4,0,0,0,0,0,0,0,1,0,0,0,0,0,0,3,0,110,255,255,251,250,189,126,92,54,16,0,0,0,3,0,0,0,0,3,0,0,0,0,0,0,0,2,0,150,255,247,254,255,255,255,255,215,150,94,54,13,0,0,2,0,0,0,0,0,0,0,0,0,0,3,0,49,124,127,122,148,172,188,224,255,255,255,218,147,73,7,0,0,0,0,0,0,0,0,0,0,0,0,2,0,0,0,0,0,0,28,84,140,184,222,255,255,240,131,26,0,0,0,0,0,0,0,0,0,0,0,0,2,5,6,5,6,5,0,0,0,13,79,149,213,255,255,165,0,0,0,0,0,0,0,0,0,0,0,0,0,0,0,0,0,0,1,4,5,0,0,0,60,168,240,255,0,0,0,0,0,0,0,0,0,0,0,0,0,0,0,0,0,0,0,0,0,0,3,6,0,35,201,255,0,0,0,0,0,0,0,0,0,0,0,0,0,0,0,0,0,0,0,0,0,0,0,4,0,84,236,243,0,0,0,0,0,0,0,0,0,0,0,0,0,0,0,0,0,0,0,0,0,0,0,0,3,157,255,184,0,0,0,0,0,0,0,0,0,0,0,0,0,0,0,0,0,0,0,0,0,0,3,0,103,236,255,108,0,0,0,0,0,0,0,0,0,0,0,0,0,0,0,0,0,0,0,1,0,3,0,62,213,255,187,23,0,0,0,0,0,0,0,0,0,0,0,0,0,0,0,0,0,0,0,0,4,0,35,192,255,229,73,0,0,0,0,0,0,0,0,0,0,0,2,1,0,0,0,0,0,0,0,5,0,9,164,255,254,112,0,2,0,0,0,0,0,0,0,0,0,0,0,0,3,4,4,4,4,4,0,0,22,146,248,255,145,14,0,1,0,0,0,0,0,0,0,0,0,3,28,18,0,0,0,0,0,0,10,63,177,255,255,158,21,0,3,0,0,0,0,0,0,0,0,4,0,76,183,147,81,59,64,62,65,87,138,227,255,255,158,19,0,4,0,0,0,0,0,0,0,0,0,7,0,129,255,255,255,249,253,251,255,255,255,255,221,137,21,0,4,0,0,0,0,0,28.0
4,0,0,0,0,0,0,0,0,0,0,0,0,0,0,0,0,0,0,0,0,0,0,0,0,0,0,0,0,0,0,0,0,0,0,0,0,0,0,0,0,0,0,0,0,0,0,0,0,0,0,0,0,0,0,0,0,0,0,0,0,0,0,3,7,5,0,0,0,0,0,0,50,248,243,37,0,0,0,0,0,0,0,0,0,0,0,0,0,1,0,125,253,200,6,0,0,0,1,0,145,252,255,149,3,0,0,0,0,0,0,0,0,0,0,0,0,1,0,178,249,253,8,0,1,0,1,0,110,252,254,244,31,0,0,0,0,0,0,0,0,0,0,0,0,1,0,183,254,253,8,0,1,0,0,0,47,247,255,255,143,2,0,0,0,0,0,0,0,0,0,0,0,2,0,248,255,249,8,0,1,0,0,2,0,217,255,253,248,29,0,0,0,0,0,0,0,0,0,0,0,0,40,247,255,203,6,0,0,0,0,1,0,176,254,255,255,161,4,0,0,0,0,0,0,0,0,0,0,0,85,250,255,141,4,0,0,0,0,1,0,112,251,255,253,255,58,0,0,0,0,0,0,0,0,0,1,0,137,251,255,97,2,0,0,0,0,0,0,64,249,255,255,254,212,11,0,0,0,0,0,0,0,0,2,0,199,254,255,42,0,0,0,0,0,0,0,23,242,255,255,254,255,83,1,0,0,0,0,0,0,0,1,8,229,255,233,12,0,1,0,0,0,0,3,0,209,255,255,255,255,161,4,0,0,0,0,0,0,0,0,52,250,255,193,6,0,0,0,1,1,0,0,0,166,254,255,255,255,188,6,0,0,0,0,0,0,1,0,98,250,255,147,4,0,1,0,0,0,4,18,72,192,254,255,255,255,175,5,0,0,0,0,0,0,1,0,157,252,255,89,2,0,0,0,10,28,107,210,255,255,255,255,254,195,53,0,0,0,0,0,0,0,2,0,209,254,255,35,0,3,16,61,157,241,255,255,254,243,253,254,250,11,0,0,0,0,0,0,0,0,1,13,234,255,236,27,32,100,206,255,255,255,253,241,201,92,207,253,255,51,0,0,0,0,0,0,0,0,0,37,249,255,231,162,241,255,255,254,247,233,182,65,0,0,142,252,255,112,2,0,0,0,0,0,0,1,0,124,251,255,255,255,255,250,238,202,125,37,0,0,4,0,83,250,255,172,5,0,0,0,0,0,0,2,0,231,255,255,255,249,236,164,58,0,0,0,3,1,0,1,22,245,255,222,8,0,0,0,0,0,0,2,0,207,244,242,228,148,25,0,0,4,2,0,0,0,0,2,0,208,254,247,28,0,0,0,0,0,0,0,0,13,76,81,11,0,1,3,0,0,0,0,0,0,0,1,0,169,252,255,60,0,0,0,0,0,0,0,0,1,0,0,2,2,0,0,0,0,0,0,0,0,0,1,0,121,251,255,124,3,0,0,0,0,0,0,0,0,1,1,0,0,0,0,0,0,0,0,0,0,0,0,0,54,248,255,169,5,0,0,0,0,0,0,0,0,0,0,0,0,0,0,0,0,0,0,0,0,0,0,1,12,248,255,198,6,0,0,0,0,0,0,0,0,0,0,0,0,0,0,0,0,0,0,0,0,0,0,2,0,242,255,255,9,0,1,0,0,0,0,0,0,0,0,0,0,0,0,0,0,0,0,0,0,0,0,1,0,189,253,251,8,0,1,0,0,0,0,0,0,0,0,0,0,0,0,0,0,0,0,0,0,0,0,1,0,180,253,255,8,0,1,0,0,29.0
5,0,0,0,0,0,0,0,0,0,0,0,0,0,0,0,0,0,0,0,0,0,0,0,0,0,0,0,0,0,0,0,0,0,0,0,0,0,0,0,0,0,0,0,0,0,0,0,0,0,0,0,0,0,0,0,0,0,0,0,0,0,0,0,0,0,0,0,0,0,0,0,0,0,0,0,0,0,0,0,0,0,0,0,0,0,0,0,0,0,0,0,0,0,0,0,0,0,0,0,0,0,0,0,0,0,0,0,0,0,0,0,0,0,0,0,0,0,0,0,0,0,0,0,0,0,0,0,0,0,0,0,0,0,0,0,0,0,0,0,0,0,0,0,0,0,0,0,0,0,0,0,0,0,0,0,0,0,0,0,0,0,0,0,0,0,0,0,0,0,91,90,88,89,89,87,144,198,200,199,200,204,225,226,223,249,249,250,255,255,255,255,255,255,255,239,23,0,252,255,255,255,255,255,255,255,255,255,255,255,255,255,255,255,255,255,250,219,201,170,146,136,115,75,2,0,255,158,149,150,150,152,181,184,183,184,183,182,185,184,153,142,105,113,130,144,159,135,111,45,0,0,1,0,255,30,6,10,9,11,36,37,37,36,37,42,35,16,6,67,104,142,180,219,244,255,248,197,130,28,0,0,255,20,0,0,0,0,0,0,0,0,0,0,11,85,151,212,255,255,255,213,194,169,198,255,255,187,35,0,255,22,0,1,0,0,2,7,1,0,19,99,175,246,255,245,173,104,76,46,37,19,42,108,224,255,149,0,255,21,0,0,0,4,0,0,16,97,172,249,255,213,136,72,27,0,0,0,0,0,0,0,98,248,205,0,255,21,0,4,1,0,16,100,173,247,255,213,124,54,3,0,0,4,4,2,2,1,2,2,51,250,205,0,255,24,0,0,2,92,172,246,255,226,124,54,0,0,0,4,1,0,0,0,0,0,0,0,88,251,195,0,255,13,0,73,158,239,255,232,139,65,0,0,2,3,0,0,0,0,0,0,0,0,1,0,131,255,154,0,255,74,140,223,255,240,140,69,5,0,2,3,0,0,0,0,0,0,0,0,0,0,2,0,194,255,97,0,250,213,255,253,157,74,5,0,0,4,0,0,0,0,0,0,0,0,0,0,0,0,1,23,234,255,32,0,255,255,176,85,17,0,0,4,0,0,0,0,0,0,0,0,0,0,0,0,0,1,0,101,247,228,2,0,107,80,31,0,0,4,0,0,0,0,0,0,0,0,0,0,0,0,0,0,0,3,7,206,255,116,1,0,0,0,0,4,1,0,0,0,0,0,0,0,0,0,0,0,0,0,0,0,4,0,133,255,232,27,0,0,6,5,2,0,0,0,0,0,0,0,0,0,0,0,0,0,0,0,0,3,0,81,238,255,89,0,0,0,0,0,0,0,0,0,0,0,0,0,0,0,0,0,0,0,0,0,3,0,51,216,255,146,2,0,0,0,0,0,0,0,0,0,0,0,0,0,0,0,0,0,0,0,0,4,0,42,198,255,189,19,0,0,0,0,0,0,0,0,0,0,0,0,0,0,0,0,0,0,0,0,5,0,43,191,255,211,41,0,0,0,0,0,0,0,0,0,0,0,0,0,0,0,0,0,0,0,2,4,0,58,191,255,219,61,0,0,0,0,0,0,0,0,0,0,0,0,0,0,0,0,0,0,1,5,0,0,98,206,255,203,66,0,1,0,0,0,0,0,0,0,0,0,0,0,0,0,0,0,0,5,0,0,55,143,241,255,169,50,0,1,0,0,0,0,0,30.0
6,0,0,0,0,0,0,0,0,3,0,56,211,255,216,110,22,15,49,62,100,152,206,255,201,46,0,2,0,0,0,0,0,0,0,0,2,0,35,181,255,183,31,0,1,0,0,0,0,0,2,5,3,0,0,0,0,0,0,0,0,0,0,0,0,7,141,255,203,54,0,2,0,0,0,0,0,0,0,0,0,0,0,0,0,0,0,0,0,0,0,3,0,94,255,227,81,0,4,0,0,0,0,0,0,0,0,0,0,0,0,0,0,0,0,0,0,0,3,0,56,209,255,137,0,3,0,0,0,0,0,0,0,0,0,0,0,0,0,0,0,0,0,0,0,0,0,12,148,255,191,39,0,2,0,0,0,0,0,0,0,0,0,0,0,0,0,0,0,0,0,0,0,3,0,104,255,226,82,0,4,0,0,0,0,0,0,0,0,0,0,0,0,0,0,0,0,0,0,0,4,0,68,226,255,138,0,4,0,0,0,0,0,0,0,0,0,0,0,0,0,0,0,0,0,0,0,1,0,27,169,255,172,17,0,0,0,0,0,0,0,0,0,0,0,0,0,0,0,0,0,0,0,0,0,3,0,88,255,208,58,0,3,0,0,0,0,0,0,0,0,0,0,0,0,0,0,0,0,0,0,0,0,0,8,143,255,139,0,5,0,0,0,0,0,0,0,0,0,0,0,0,0,0,0,0,0,0,0,0,0,0,34,187,255,97,0,5,0,0,0,0,0,0,0,0,0,0,0,0,0,0,0,0,0,0,0,0,0,0,68,243,214,58,0,3,0,0,0,0,0,0,0,0,0,0,0,0,0,0,0,0,0,0,0,0,0,0,97,255,172,16,0,0,0,0,0,0,0,0,0,0,0,0,0,0,0,0,0,0,0,0,0,0,0,0,98,255,144,0,6,0,1,0,1,0,22,118,206,229,225,226,225,228,212,142,45,0,1,0,0,0,0,0,99,255,157,0,2,0,0,3,0,53,205,255,253,255,255,255,255,255,255,255,251,174,44,0,1,0,0,0,98,255,171,15,0,0,1,0,53,195,255,218,121,70,47,31,32,43,94,188,252,255,230,84,0,0,0,0,74,255,197,38,0,4,0,40,188,255,205,57,0,3,0,0,0,0,0,0,58,194,255,216,67,0,0,0,40,190,255,132,0,3,8,140,255,218,73,0,3,0,0,0,0,0,0,1,0,29,178,255,105,0,0,2,0,103,255,227,86,0,126,255,245,117,0,3,0,0,0,0,0,0,0,1,0,13,157,255,104,0,0,0,0,15,151,255,196,73,157,255,150,5,1,0,0,0,0,0,0,0,0,2,0,34,186,255,97,0,0,0,2,0,44,194,255,201,197,255,104,0,3,0,0,0,0,0,0,0,0,4,0,83,255,211,58,0,0,0,0,3,0,47,202,255,254,252,255,139,0,5,0,0,0,0,0,0,8,53,158,243,255,150,0,0,0,0,0,0,3,0,48,201,255,249,255,192,44,10,0,23,54,76,126,173,231,255,251,255,164,12,0,0,0,0,0,0,0,1,0,19,131,239,255,254,255,255,255,255,255,255,255,254,255,239,177,75,1,1,0,0,0,0,0,0,0,0,0,1,0,19,106,205,253,255,255,255,246,218,180,123,59,10,0,0,0,0,0,0,0,0,0,0,0,0,0,0,0,0,0,0,0,0,0,0,0,0,0,0,0,0,0,0,0,0,0,0,0,0,0,0,0,0,0,0,0,0,0,0,0,0,0,0,0,0,0,0,0,0,0,0,0,0,0,31.0
7,0,0,0,0,0,0,0,0,0,0,0,0,0,0,0,0,0,0,0,0,0,0,0,0,0,0,0,0,0,0,0,0,0,0,0,0,0,0,0,0,0,0,0,0,0,0,0,0,0,0,0,0,0,0,0,0,0,0,0,0,0,0,0,0,0,0,0,0,0,0,0,0,0,0,0,0,0,0,0,0,0,0,0,0,0,0,0,0,0,0,0,0,0,0,0,0,0,0,0,0,0,0,0,0,0,0,0,0,0,0,0,0,0,0,0,0,0,0,0,0,0,0,0,0,0,0,0,0,0,0,0,0,0,0,0,0,0,0,0,0,0,0,0,0,0,0,1,2,9,53,121,183,239,255,255,255,238,75,0,0,0,0,0,0,0,0,0,0,0,0,1,9,15,42,105,185,247,255,255,249,237,203,189,198,255,218,0,2,0,0,0,0,0,0,0,0,0,11,75,181,246,255,255,247,231,182,116,47,0,0,0,0,214,245,49,0,0,0,0,0,0,0,0,0,57,187,255,249,235,197,147,71,13,0,0,0,3,3,2,7,138,254,113,0,1,0,0,0,0,0,0,0,255,249,210,99,15,0,0,0,2,2,1,0,0,0,0,0,71,255,171,0,2,0,0,0,0,0,0,0,178,119,6,0,1,3,2,1,0,0,0,0,0,0,1,0,20,255,227,0,2,0,0,0,0,0,0,0,0,0,2,1,0,0,0,0,0,0,0,0,0,0,1,0,8,206,246,40,0,0,0,0,0,0,0,0,2,1,0,0,0,0,0,0,0,0,0,0,0,0,0,0,5,155,252,89,0,1,0,0,0,0,0,0,0,0,0,0,0,0,0,0,0,0,0,0,0,0,0,0,2,95,255,146,0,1,0,0,0,0,0,0,0,0,0,0,0,0,0,0,0,0,0,0,0,0,0,0,0,46,255,186,0,2,0,0,0,0,0,0,0,0,0,0,0,0,0,0,0,0,0,0,0,0,0,1,0,14,255,224,0,2,0,0,0,0,0,0,0,0,0,0,0,0,0,0,0,0,0,0,0,0,0,1,0,10,244,242,0,2,0,0,0,0,0,0,0,0,0,0,0,0,0,0,0,0,0,0,0,0,0,1,0,8,211,244,15,1,0,0,0,0,0,0,0,0,0,0,0,0,0,0,0,0,0,0,0,0,0,1,0,9,213,246,44,0,0,0,0,0,0,0,0,0,0,0,0,0,0,0,0,0,0,0,0,0,0,1,0,8,210,246,42,0,0,0,0,0,0,0,0,0,0,0,0,0,0,0,0,0,0,0,0,0,0,0,0,6,180,247,42,0,0,0,0,0,0,0,0,0,0,0,0,0,0,0,0,0,0,0,0,0,0,0,0,6,166,248,42,0,0,0,0,0,0,0,0,0,0,0,0,0,0,0,0,0,0,0,0,0,0,0,0,6,167,248,42,0,0,0,0,0,0,0,0,0,0,0,0,0,0,0,0,0,0,0,0,0,0,0,0,6,167,248,42,0,0,0,0,0,0,0,0,0,0,0,0,0,0,0,0,0,0,0,0,0,0,0,0,6,167,248,42,0,0,0,0,0,0,0,0,0,0,0,0,0,0,0,0,0,0,0,0,0,0,0,0,6,166,248,42,0,0,0,0,0,0,0,0,0,0,0,0,0,0,0,0,0,0,0,0,0,0,0,0,6,167,248,42,0,0,0,0,0,0,0,0,0,0,0,0,0,0,0,0,0,0,0,0,0,0,0,0,7,188,247,42,0,0,0,0,0,0,0,32.0
8,0,0,0,0,0,0,0,0,0,0,0,0,0,0,0,0,0,0,0,0,0,0,0,0,0,0,0,0,0,0,0,0,1,0,77,198,247,250,255,255,255,255,254,251,232,62,0,4,0,0,0,0,0,0,0,0,0,0,0,0,14,173,255,253,255,236,167,104,67,84,180,244,255,145,11,0,1,0,0,0,0,0,0,0,0,0,0,23,177,255,255,212,86,12,2,2,0,7,0,147,255,199,44,0,3,0,0,0,0,0,0,0,0,0,0,159,255,255,116,3,2,0,0,0,0,3,0,78,221,255,86,0,4,0,0,0,0,0,0,0,0,0,47,208,255,120,3,0,0,0,0,0,0,0,0,21,185,255,107,0,2,0,0,0,0,0,0,0,0,0,52,213,255,71,0,4,0,0,0,0,0,0,3,0,171,255,107,0,2,0,0,0,0,0,0,0,0,0,38,199,255,113,0,3,0,0,0,0,0,0,2,3,175,255,107,0,2,0,0,0,0,0,0,0,0,0,0,150,255,205,58,5,7,0,0,0,0,4,0,107,234,255,101,0,3,0,0,0,0,0,0,0,0,0,0,68,221,255,236,255,96,0,3,0,3,0,68,217,255,198,43,0,2,0,0,0,0,0,0,0,0,0,3,0,127,253,250,255,128,0,0,2,0,42,202,255,213,55,0,3,0,0,0,0,0,0,0,0,0,0,0,1,1,144,255,255,248,140,16,0,28,188,255,238,83,0,2,0,0,0,0,0,0,0,0,0,0,0,0,0,1,0,64,219,255,253,217,76,158,255,255,96,0,3,0,0,0,0,0,0,0,0,0,0,0,0,0,0,0,0,0,33,171,255,255,252,249,255,141,5,0,1,0,1,1,0,0,0,0,0,0,0,0,0,0,0,0,0,0,1,1,98,230,255,254,255,239,186,62,13,26,14,0,0,1,1,0,0,0,0,0,0,0,0,0,0,0,5,0,138,255,255,206,231,255,252,250,248,248,245,182,88,12,0,1,0,0,0,0,0,0,0,0,0,4,0,103,234,255,152,17,17,120,233,255,255,255,255,255,250,243,151,25,0,2,0,0,0,0,0,0,0,6,0,149,255,216,55,0,3,0,19,34,33,44,106,201,255,255,255,209,56,0,2,0,0,0,0,0,0,3,0,172,255,147,16,0,1,0,0,0,0,0,2,2,26,138,243,255,242,74,0,0,0,0,0,0,0,3,0,171,255,107,0,2,0,0,0,0,0,0,0,0,1,0,84,219,255,183,33,0,0,0,0,0,0,3,0,172,255,129,6,0,0,0,0,0,0,0,0,1,0,3,0,102,234,255,80,0,0,0,0,0,0,5,0,154,255,186,37,0,2,0,0,0,0,0,0,0,0,0,1,5,178,255,128,0,0,0,0,0,0,3,0,77,220,255,107,0,2,0,0,0,0,0,0,0,0,0,5,0,169,255,129,0,0,0,0,0,0,0,4,0,167,255,239,70,0,5,0,1,0,0,0,1,0,5,0,109,236,255,100,0,0,0,0,0,0,0,1,0,43,205,255,238,116,6,0,0,0,0,0,0,0,0,113,233,255,163,21,0,0,0,0,0,0,0,0,2,0,53,214,255,250,220,143,104,62,69,105,105,127,201,246,255,212,52,0,0,0,0,0,0,0,0,0,0,1,0,35,171,255,255,254,252,251,251,252,252,255,255,255,179,34,0,1,0,0,0,0,0,0,0,0,0,0,0,0,0,37,129,221,255,255,255,255,250,217,165,68,4,0,0,0,33.0
9,0,0,0,0,0,0,0,0,0,0,0,0,0,0,0,0,0,0,0,0,0,0,0,0,0,0,0,0,0,0,0,0,0,0,0,0,0,0,0,0,0,0,0,0,0,0,0,0,0,0,0,0,0,0,0,0,0,0,0,0,0,0,0,0,0,0,0,0,0,0,0,0,0,0,0,0,0,0,0,0,0,0,0,0,0,0,0,0,0,0,0,0,0,1,1,1,0,0,0,0,0,0,0,0,0,0,0,0,0,0,0,0,0,0,0,0,0,0,2,5,4,0,0,0,1,6,3,0,0,0,0,0,0,0,0,0,0,0,0,0,0,0,0,0,0,3,0,0,0,15,28,24,1,0,0,0,6,4,0,0,0,0,0,0,0,0,0,0,0,0,0,1,0,0,32,77,102,152,179,171,130,85,51,2,0,0,2,0,0,0,0,0,0,0,0,0,0,0,1,0,0,80,179,255,255,255,252,255,255,255,210,139,107,69,0,2,5,3,1,0,0,0,0,0,0,0,0,0,112,244,255,208,163,124,95,105,143,190,248,255,255,232,79,0,0,0,0,0,0,0,0,0,0,0,0,118,255,248,152,55,0,0,0,0,0,27,127,255,249,255,227,127,86,59,18,0,0,0,0,0,0,0,118,255,252,122,0,0,2,6,4,5,8,0,17,195,230,239,255,255,255,226,135,0,4,0,0,0,0,91,255,251,137,3,1,3,0,0,0,0,0,2,2,27,82,111,238,255,247,255,210,0,7,0,0,0,0,233,249,124,5,0,0,0,0,0,0,0,0,0,0,0,0,0,108,249,255,244,119,0,3,0,0,0,0,255,221,44,0,6,0,1,0,0,0,0,0,0,0,0,8,0,12,199,255,234,91,0,5,0,0,0,0,179,255,167,28,0,5,0,0,0,0,0,0,0,0,0,0,0,75,232,255,255,198,49,0,3,0,0,0,36,241,255,174,32,0,5,0,0,0,0,0,0,0,2,0,59,219,255,190,193,255,198,31,0,1,0,0,0,72,212,255,184,51,0,2,2,0,0,0,2,3,0,41,203,255,188,23,45,208,255,167,7,1,0,0,0,0,45,209,255,208,71,0,0,3,6,4,0,0,56,184,255,194,51,0,0,54,243,254,127,0,5,0,0,2,0,43,190,255,241,116,41,0,0,0,23,91,207,255,194,50,0,5,0,3,98,255,233,69,0,0,0,0,2,0,19,156,246,255,193,114,97,110,170,255,255,184,51,0,6,0,2,0,9,157,255,197,13,0,0,0,0,3,0,0,107,197,255,255,255,255,255,216,149,42,0,6,0,1,0,3,0,39,228,255,132,0,0,0,0,0,1,1,0,37,125,162,169,149,118,62,0,0,4,0,1,0,0,0,0,1,85,255,212,0,0,0,0,0,0,0,4,0,0,0,9,0,0,0,3,2,0,0,0,0,0,0,2,0,17,184,240,0,0,0,0,0,0,0,0,1,5,3,0,5,6,3,0,0,0,0,0,0,0,0,0,2,0,83,255,0,0,0,0,0,0,0,0,0,0,0,0,0,0,0,0,0,0,0,0,0,0,0,0,2,0,28,169,0,0,0,0,0,0,0,0,0,0,0,0,0,0,0,0,0,0,0,0,0,0,0,0,0,1,0,0,0,0,0,0,0,0,0,0,0,0,0,0,0,0,0,0,0,0,0,0,0,0,0,0,0,0,1,5,0,0,0,0,0,0,0,0,0,0,0,0,0,0,0,0,0,0,0,0,0,0,0,0,0,0,0,0,34.0
0,0,0,0,0,0,0,0,0,0,0,0,0,0,0,0,0,0,1,0,41,71,41,2,0,0,0,0,0,0,0,0,0,0,0,0,0,0,0,0,0,0,0,0,0,0,2,0,197,255,200,14,0,1,0,0,0,0,0,0,0,0,0,0,0,2,4,5,4,5,5,4,5,4,8,0,240,255,244,25,0,2,0,0,0,0,0,0,0,0,0,4,0,0,0,0,0,0,0,0,0,0,0,0,230,255,235,4,0,1,0,0,0,0,0,0,0,4,0,0,11,46,79,82,81,82,82,82,82,81,84,78,242,255,243,96,40,3,0,0,0,0,0,0,3,0,5,95,159,197,235,238,236,235,235,235,235,235,235,235,250,255,254,242,197,15,0,1,0,0,0,2,0,74,150,251,255,255,255,255,255,255,255,255,255,255,255,255,255,253,255,254,244,20,0,2,0,0,1,0,97,234,255,254,255,226,203,205,181,163,162,162,162,162,163,161,193,255,254,254,225,22,0,0,0,0,1,38,237,255,255,250,165,79,50,51,23,2,1,1,1,1,1,0,34,170,255,253,253,153,15,1,0,0,0,145,249,255,208,111,2,0,0,0,0,1,2,2,2,2,1,2,0,26,161,255,254,255,131,0,1,0,13,216,255,255,86,0,0,4,2,2,1,0,0,0,0,0,0,0,2,0,14,158,255,251,244,110,0,0,117,251,255,221,24,1,1,0,0,0,0,0,0,0,0,0,0,0,0,1,0,12,183,255,255,254,73,0,212,255,255,98,2,0,0,0,0,0,0,0,0,0,0,0,0,0,0,0,1,0,42,199,253,255,178,0,241,255,225,23,0,2,0,0,0,0,0,0,0,0,0,0,0,0,0,0,0,2,0,64,238,255,229,0,243,255,170,11,0,1,0,0,0,0,0,0,0,0,0,0,0,0,0,0,0,0,5,0,219,255,255,0,245,255,111,5,0,0,0,0,0,0,0,0,0,0,0,0,0,0,0,0,0,0,6,0,208,255,251,0,248,255,77,0,0,0,0,0,0,0,0,0,0,0,0,0,0,0,0,0,0,1,0,49,230,255,255,0,253,255,44,0,1,0,0,0,0,0,0,0,0,0,0,0,0,0,0,0,0,0,29,202,255,255,215,0,253,254,78,0,0,4,1,0,0,0,0,0,0,0,0,0,0,0,0,0,1,1,169,255,252,250,72,0,254,255,227,91,2,0,0,4,4,1,0,0,0,0,0,0,0,0,0,5,0,119,255,251,255,115,0,0,221,255,255,237,154,76,22,0,0,0,3,6,4,2,0,0,0,2,4,0,85,247,250,255,163,0,1,0,82,209,255,255,255,232,172,119,71,24,0,0,0,0,0,4,0,0,0,83,224,250,255,201,17,0,0,0,0,57,163,246,255,255,255,255,227,174,132,107,73,44,10,0,4,37,125,248,255,255,199,44,1,0,0,0,4,0,7,98,160,225,255,255,255,255,255,255,229,194,157,130,150,188,255,252,255,200,43,0,0,0,0,0,0,3,1,0,1,76,138,188,226,255,255,255,255,255,255,255,255,255,255,255,186,43,0,1,0,0,0,0,0,0,0,5,2,0,0,29,77,117,157,173,209,218,253,255,255,247,206,135,24,0,1,0,0,0,0,0,0,0,0,0,0,3,3,0,0,0,0,11,46,56,90,95,94,84,42,0,0,1,0,0,0,0,0,0,0,0,0,0,0,0,0,0,0,0,0,0,0,0,0,0,0,0,0,0,0,0,0,0,0,0,0,35.0
1,0,0,0,0,0,0,0,0,0,0,0,1,0,18,165,255,250,255,217,5,3,0,0,0,0,0,0,0,0,0,0,0,0,0,0,0,0,0,0,1,0,67,255,252,253,255,217,5,3,0,0,0,0,0,0,0,0,0,0,0,0,0,0,0,0,0,0,0,5,111,255,252,253,255,217,5,3,0,0,0,0,0,0,0,0,0,0,0,0,0,0,0,0,0,2,0,23,189,255,254,253,255,217,5,3,0,0,0,0,0,0,0,0,0,0,0,0,0,0,0,0,0,1,0,59,250,253,255,252,255,217,5,3,0,0,0,0,0,0,0,0,0,0,0,0,0,0,0,0,2,0,23,188,255,253,255,252,255,217,5,3,0,0,0,0,0,0,0,0,0,0,0,0,0,0,0,0,0,5,108,255,252,255,255,253,255,211,3,3,0,0,0,0,0,0,0,0,0,0,0,0,0,0,0,2,0,50,249,253,255,249,251,255,254,161,0,4,0,0,0,0,0,0,0,0,0,0,0,0,0,0,0,0,6,118,255,255,238,161,227,255,254,161,0,4,0,0,0,0,0,0,0,0,0,0,0,0,0,0,2,0,50,250,250,255,190,36,241,255,240,99,0,2,0,0,0,0,0,0,0,0,0,0,0,0,0,1,0,9,132,255,255,243,91,26,240,255,237,84,0,2,0,0,0,0,0,0,0,0,0,0,0,0,0,1,0,13,146,255,255,188,0,40,237,255,237,84,0,2,0,0,1,0,0,0,0,0,0,0,0,0,0,1,0,10,131,255,251,167,0,40,237,255,237,84,0,0,9,80,139,111,9,1,0,0,0,0,0,0,0,0,1,0,19,118,107,25,0,36,238,255,236,87,34,109,175,255,255,248,131,0,3,0,0,0,0,0,0,0,0,0,0,0,0,2,0,36,239,254,252,235,244,255,255,255,255,250,142,0,3,0,0,0,0,0,0,0,0,0,0,0,0,3,42,151,247,255,255,255,255,255,255,255,251,176,36,0,0,0,0,0,0,0,0,0,0,0,0,1,64,204,245,255,255,255,255,255,255,249,214,155,43,0,1,0,0,0,0,0,0,0,0,0,1,0,26,165,250,255,255,255,255,255,255,227,127,49,5,0,0,0,0,0,0,0,0,0,0,0,0,0,4,87,235,255,255,255,255,254,254,255,238,91,0,2,0,0,0,0,0,0,0,0,0,0,0,0,0,18,143,255,253,255,255,250,153,77,238,255,237,85,0,2,0,0,0,0,0,0,0,0,0,0,0,5,81,211,255,254,254,255,224,78,0,37,238,255,237,84,0,2,0,0,0,0,0,0,0,0,0,0,8,123,255,252,255,255,249,156,12,3,0,36,238,255,237,84,0,2,0,0,0,0,0,0,0,0,1,0,28,209,255,254,255,247,158,71,78,78,70,101,242,255,236,84,0,2,0,0,0,0,0,0,0,0,1,0,28,209,255,254,255,255,255,255,255,255,255,255,254,255,236,85,0,2,0,0,0,0,0,0,0,0,0,0,10,133,255,252,255,255,255,255,255,255,255,255,254,255,236,84,0,2,0,0,0,0,0,0,0,0,0,0,0,0,0,0,0,0,0,0,0,0,0,0,0,0,0,0,0,0,0,0,0,0,0,0,0,0,0,0,0,0,0,0,0,0,0,0,0,0,0,0,0,0,0,0,0,0,0,0,0,0,0,0,0,0,0,0,0,0,0,0,0,0,0,0,0,0,0,0,0,0,0,0,0,0,0,0,0,0,0,0,0,36.0
2,0,0,0,0,0,0,0,0,0,0,0,0,0,0,0,0,0,0,0,0,0,0,0,0,0,0,0,0,0,0,0,0,0,0,0,0,0,0,0,0,0,0,0,0,0,0,0,0,0,0,0,0,0,0,0,0,0,0,0,0,0,0,2,0,83,210,255,255,252,220,194,157,64,0,0,1,0,0,0,0,0,0,0,0,0,0,0,0,0,0,2,11,207,255,199,128,168,253,255,255,229,153,19,0,1,0,0,0,0,0,0,0,0,0,0,0,0,3,0,115,244,243,59,2,22,45,89,185,255,255,156,14,0,1,0,0,0,0,0,0,0,0,0,0,0,2,4,203,255,146,8,0,0,0,0,21,137,245,255,76,0,1,0,0,0,0,0,0,0,0,0,0,2,0,82,234,255,53,0,2,1,3,0,0,0,186,255,192,24,0,2,0,0,0,0,0,0,0,0,0,5,0,177,255,182,20,0,1,0,0,0,4,0,78,232,252,36,0,2,0,0,0,0,0,0,0,0,0,0,37,220,255,83,0,1,0,0,0,0,1,0,82,232,255,37,0,3,0,0,0,0,0,0,0,0,4,0,134,249,224,32,0,2,0,0,0,0,3,0,115,245,218,29,0,2,0,0,0,0,0,0,0,0,3,0,201,255,137,12,0,1,0,0,0,0,4,0,154,255,175,20,0,1,0,0,0,0,0,0,0,1,0,73,230,255,60,0,2,0,0,0,0,0,5,0,194,255,130,10,0,1,0,0,0,0,0,0,0,4,0,159,255,206,26,0,2,0,0,0,0,0,0,34,218,255,83,0,0,0,0,0,0,0,0,0,0,4,0,202,255,125,9,0,1,0,0,0,0,3,0,113,241,249,41,0,2,0,0,0,0,0,0,0,0,1,17,211,255,83,0,0,0,0,0,0,0,4,0,197,255,160,16,0,1,0,0,1,3,0,0,0,0,2,8,220,255,45,0,2,0,0,0,0,1,0,64,229,255,68,0,2,0,0,2,0,0,0,1,0,0,1,0,43,53,6,0,1,0,0,0,0,4,0,165,255,201,26,0,1,0,7,0,55,99,16,0,0,0,0,0,0,0,0,1,0,0,0,0,1,0,50,222,255,101,2,1,5,0,0,79,208,255,77,0,0,0,0,0,3,4,0,0,0,0,0,0,4,0,166,255,224,38,0,0,0,36,140,224,255,250,54,0,0,0,0,0,0,0,0,0,0,0,0,1,0,49,223,255,115,2,0,55,147,208,254,255,242,90,3,0,0,0,0,0,0,0,0,0,0,0,0,4,0,164,255,232,19,35,162,217,255,255,224,116,50,3,0,1,0,0,0,0,0,0,0,0,0,0,1,0,46,222,255,109,128,211,255,255,220,110,42,5,0,0,1,0,0,0,0,0,0,0,0,0,0,0,4,0,146,250,255,211,240,255,223,108,41,3,0,0,3,0,0,0,0,0,0,0,0,0,0,0,0,0,4,12,210,255,248,255,255,139,44,2,0,0,2,0,0,0,0,0,0,0,0,0,0,0,0,0,0,5,0,90,241,254,255,200,77,11,0,0,3,0,0,0,0,0,0,0,0,0,0,0,0,0,0,0,2,0,71,215,250,255,153,38,0,0,2,0,0,0,0,0,0,0,0,0,0,0,0,0,0,0,0,0,0,39,210,254,255,147,19,0,1,1,0,0,0,0,0,0,0,0,0,0,0,0,0,0,0,0,0,3,0,105,244,255,189,27,0,2,0,0,0,0,0,0,0,0,0,0,0,0,37.0
3,0,0,0,0,0,0,0,0,0,0,0,0,0,0,0,0,0,0,0,0,0,0,0,0,0,0,0,0,0,0,0,0,0,0,0,0,0,0,0,0,0,0,0,0,0,0,0,0,0,0,0,0,0,0,0,0,0,0,1,3,0,86,192,232,255,255,245,213,73,0,2,0,0,0,0,0,0,0,0,0,0,0,0,0,0,3,0,7,127,237,255,255,221,206,254,255,227,58,0,4,0,0,0,0,0,0,0,0,0,0,0,0,3,0,58,187,248,255,255,162,48,23,147,243,255,191,32,0,3,0,0,0,0,0,0,0,0,0,0,0,0,41,194,255,255,237,112,18,0,0,9,186,255,255,133,8,0,0,0,0,0,0,0,0,0,0,0,0,2,154,255,255,168,49,3,0,1,4,0,49,211,255,223,55,0,4,0,0,0,0,0,0,0,0,0,0,111,245,255,227,62,0,1,0,0,0,5,0,131,247,255,100,0,3,0,0,0,0,0,0,0,0,0,0,169,255,241,94,0,2,0,0,0,0,3,0,72,217,255,125,4,1,0,0,0,0,0,0,0,0,0,0,189,255,183,31,0,2,0,0,0,0,3,0,76,218,255,125,0,0,4,0,0,0,0,0,0,0,0,0,126,224,100,4,0,0,0,0,0,0,5,0,108,238,255,160,97,38,0,0,1,0,0,0,0,0,0,0,15,31,11,0,0,0,0,0,0,0,4,0,163,255,255,242,231,231,143,14,0,3,0,0,0,0,0,0,0,0,0,0,0,0,0,0,0,3,0,68,222,255,249,255,255,255,254,175,26,0,3,0,0,0,0,0,1,2,1,0,0,0,0,0,0,1,10,175,255,252,255,164,120,229,255,255,177,31,0,2,0,0,0,0,0,0,0,0,0,0,0,0,5,0,134,255,255,231,111,17,6,59,214,255,255,141,12,0,1,0,0,0,0,0,0,0,0,0,0,1,0,40,209,255,255,108,0,0,0,0,55,210,255,253,86,0,3,0,0,0,0,0,0,0,0,0,0,0,1,6,168,255,181,29,0,4,0,3,0,99,230,255,175,28,0,1,0,0,0,0,0,0,0,0,0,0,1,0,23,47,23,3,0,0,0,0,2,1,180,255,246,74,0,2,0,0,0,0,0,0,0,0,0,0,0,1,0,0,0,0,0,0,0,0,4,0,96,231,255,151,17,0,0,0,0,0,0,0,0,0,0,0,0,0,2,3,1,0,0,0,0,0,0,2,0,178,255,242,62,0,0,0,0,0,0,0,0,0,0,0,0,0,0,0,0,0,0,0,0,0,0,5,0,112,238,255,117,0,0,0,0,0,0,0,0,0,0,0,0,0,0,0,0,1,1,0,0,0,0,2,0,54,206,255,126,3,0,0,0,0,0,0,0,0,0,0,0,0,0,0,2,0,0,0,1,0,0,2,0,45,201,255,123,2,0,0,0,0,0,0,0,0,0,0,0,0,0,2,0,36,62,10,0,1,0,1,0,45,201,255,123,2,0,0,0,0,0,0,0,0,0,0,0,0,1,0,29,173,251,123,8,0,3,6,0,67,214,255,127,3,0,0,0,0,0,0,0,0,0,0,0,0,1,0,32,213,255,248,101,0,0,0,0,164,255,255,92,0,0,0,0,0,0,0,0,0,0,0,0,0,0,2,0,83,225,255,235,140,102,102,154,239,255,184,34,0,0,0,0,0,0,0,0,0,0,0,0,0,0,0,1,0,120,255,255,247,241,240,252,254,255,110,0,1,0,0,38.0
4,0,0,0,0,0,0,0,0,0,0,0,0,0,0,0,2,0,89,249,73,0,1,0,0,0,0,0,0,0,0,0,0,0,0,0,0,0,0,0,0,0,0,0,4,0,214,181,12,0,1,0,0,0,0,0,0,0,0,0,0,0,0,0,0,0,0,0,0,0,0,2,0,109,250,58,0,2,0,0,0,0,0,0,0,0,0,0,0,0,0,0,0,0,0,0,0,0,0,3,8,225,164,10,0,1,0,0,0,0,0,0,0,0,0,0,0,0,0,0,0,0,0,0,0,0,3,0,129,245,48,0,2,0,0,0,0,0,0,0,0,0,0,0,0,0,0,0,0,0,0,0,0,0,2,17,235,148,8,0,1,0,0,0,0,0,0,0,0,0,0,0,0,0,0,0,0,0,0,0,0,3,0,147,235,37,0,2,0,0,0,0,0,0,0,0,0,0,0,0,0,0,0,0,0,0,0,0,0,0,26,232,190,16,0,1,0,0,0,0,0,0,0,0,0,0,0,0,0,0,0,0,0,0,0,0,3,0,150,252,250,39,0,2,0,0,0,0,0,0,0,0,0,0,0,0,0,0,0,0,0,0,0,0,0,40,237,233,255,106,3,0,0,0,0,0,0,0,0,0,0,0,0,0,0,0,0,0,0,0,0,4,0,164,227,118,235,198,17,0,1,0,0,0,0,0,0,0,0,0,0,0,0,0,0,0,0,0,0,0,37,244,121,26,224,255,41,0,2,0,0,0,0,0,0,0,0,0,0,0,0,0,0,0,0,0,4,0,163,218,27,0,194,255,107,5,0,0,0,0,0,0,0,0,0,0,0,0,0,0,0,0,0,0,0,40,247,107,6,0,126,251,181,17,0,1,0,0,0,0,0,0,0,0,0,0,0,0,0,0,0,4,0,172,222,24,0,0,60,234,246,29,0,2,0,0,0,0,0,0,0,0,0,0,0,0,0,0,1,0,53,251,107,3,0,3,3,212,255,62,0,1,0,0,0,0,0,0,0,0,0,0,0,0,0,0,4,0,177,221,25,0,0,3,0,169,255,117,6,0,0,0,0,0,0,0,0,0,0,0,0,0,0,1,0,54,248,107,2,0,2,5,0,83,248,144,9,0,1,0,0,0,0,0,0,0,0,0,0,0,0,4,0,177,212,23,0,1,0,0,7,82,249,145,9,0,1,0,0,0,0,0,0,0,0,0,0,0,0,0,53,252,93,0,0,5,36,75,151,238,250,176,17,0,1,0,0,0,0,0,0,0,0,0,0,0,4,0,180,195,22,27,69,144,211,244,220,140,147,235,38,0,2,0,0,0,0,0,0,0,0,0,0,1,0,72,252,162,142,201,241,222,165,81,4,0,35,249,94,0,0,0,0,0,0,0,0,0,0,0,0,2,5,200,255,241,223,164,87,11,0,0,2,10,0,207,177,15,0,1,0,0,0,0,0,0,0,0,0,0,43,213,160,74,12,0,0,2,6,3,0,1,0,127,233,31,0,2,0,0,0,0,0,0,0,0,0,0,5,59,0,0,2,5,2,0,0,0,0,1,0,73,228,35,0,2,0,0,0,0,0,0,0,0,0,0,0,0,0,0,0,0,0,0,0,0,0,0,0,0,0,0,0,0,0,0,0,0,0,0,0,0,0,0,0,0,0,0,0,0,0,0,0,0,0,0,0,0,0,0,0,0,0,0,0,0,0,0,0,0,0,0,0,0,0,0,0,0,0,0,0,0,0,0,0,0,0,0,0,0,0,0,0,0,0,39.0
5,0,0,0,0,0,0,0,0,0,0,0,0,0,0,0,0,0,0,0,0,0,0,0,0,0,0,0,0,0,0,0,0,0,0,14,157,252,255,255,255,255,255,255,255,255,255,255,255,255,251,255,157,19,0,1,0,0,0,0,0,4,0,106,240,255,254,255,255,255,255,255,255,255,255,255,255,255,255,255,226,48,0,3,0,0,0,0,0,5,0,126,248,255,255,253,252,253,253,253,253,253,253,253,252,253,251,255,193,35,0,2,0,0,0,0,0,5,0,126,249,253,255,139,68,72,71,71,71,71,71,71,71,71,72,63,12,0,1,0,0,0,0,0,0,2,0,71,225,255,255,170,24,0,1,0,0,0,0,0,0,0,0,0,0,0,0,0,0,0,0,0,0,0,5,0,145,253,255,194,34,0,2,0,0,0,0,0,0,0,0,0,0,0,0,0,0,0,0,0,0,0,5,0,128,250,253,255,67,0,4,0,0,0,0,0,0,0,0,0,0,0,0,0,0,0,0,0,0,0,2,0,75,228,255,255,148,15,0,1,0,0,0,0,0,0,0,0,0,0,0,0,0,0,0,0,0,0,0,2,5,190,255,255,186,31,0,2,0,0,0,0,0,0,0,0,0,0,0,0,0,0,0,0,0,0,0,5,0,131,248,255,185,32,0,3,0,0,0,0,0,0,0,0,0,0,0,0,0,0,0,0,0,0,0,5,0,132,249,255,218,138,115,128,75,16,1,0,0,0,0,0,0,0,0,0,0,0,0,0,0,0,0,5,0,131,250,255,255,255,255,255,255,239,127,15,0,1,0,0,0,0,0,0,0,0,0,0,0,0,0,2,0,63,220,255,253,255,255,255,255,250,255,105,0,1,0,0,0,0,0,0,0,0,0,0,0,0,0,0,2,0,73,190,213,209,206,234,255,255,253,247,72,0,2,0,0,0,0,0,0,0,0,0,0,0,0,0,0,0,0,0,0,0,0,14,167,255,253,255,192,34,0,2,0,0,0,0,0,0,0,0,0,0,0,0,0,0,0,1,1,1,1,0,27,172,255,252,255,75,0,3,0,0,0,0,0,0,0,0,0,0,0,0,0,0,0,0,0,0,0,2,0,65,223,255,255,170,24,0,1,0,0,0,0,0,0,0,0,0,0,0,0,0,0,0,0,0,0,0,4,0,173,255,249,255,74,0,3,0,0,0,0,0,0,0,0,0,0,0,0,0,0,0,0,0,0,0,1,0,51,217,255,255,131,8,0,0,0,0,0,0,0,0,0,0,0,0,2,1,0,0,0,0,0,0,0,4,0,175,255,255,162,20,0,1,0,0,0,0,0,0,0,2,0,53,139,135,28,0,2,0,0,0,0,6,0,157,255,255,161,20,0,1,0,0,0,0,0,0,0,5,0,186,255,255,119,2,0,0,0,0,0,6,0,157,255,255,161,20,0,1,0,0,0,0,0,0,0,5,0,189,255,255,161,22,0,1,0,1,0,5,0,157,255,255,161,20,0,1,0,0,0,0,0,0,0,5,0,188,255,250,255,184,90,73,76,74,18,4,0,157,255,255,161,20,0,1,0,0,0,0,0,0,0,4,0,106,239,255,254,255,255,255,255,255,222,171,79,184,255,255,161,21,0,1,0,0,0,0,0,0,0,0,4,0,127,245,255,255,255,255,255,255,255,255,255,255,252,255,160,20,0,1,0,0,0,0,0,0,0,0,0,2,0,82,184,241,252,250,251,253,255,255,254,255,250,255,77,0,3,0,0,0,0,40.0
6,0,0,0,0,0,0,0,0,0,0,2,0,142,255,254,229,244,253,255,255,214,87,22,5,0,0,0,0,0,0,0,0,0,0,0,0,0,1,0,91,244,251,117,0,14,72,141,228,251,255,255,174,13,0,1,0,0,0,0,0,0,0,0,0,0,0,40,231,255,103,2,0,2,0,0,5,97,200,246,184,15,0,1,0,0,0,0,0,0,0,0,0,3,0,199,255,160,10,0,0,0,0,1,1,0,0,6,0,0,0,0,0,0,0,0,0,0,0,0,2,0,113,246,231,27,0,1,0,0,0,0,0,1,1,1,1,0,0,0,0,0,0,0,0,0,0,0,2,12,222,255,82,2,0,0,0,0,0,0,0,0,0,0,0,0,0,0,0,0,0,0,0,0,0,2,0,123,250,192,16,0,1,0,0,0,0,0,0,0,0,0,0,0,0,0,0,0,0,0,0,0,0,3,1,219,255,65,0,0,0,0,0,0,0,0,0,0,0,0,0,0,0,0,0,0,0,0,0,0,1,0,89,243,217,17,0,1,0,0,0,0,0,0,0,0,0,0,0,0,0,0,0,0,0,0,0,0,3,0,183,255,117,6,0,0,0,0,0,0,0,0,0,0,0,0,0,0,0,0,0,0,0,0,0,0,1,21,231,255,38,0,1,0,0,0,0,0,0,0,0,0,0,0,0,0,0,0,0,0,0,0,0,2,0,110,249,189,14,0,1,0,1,1,1,1,1,0,0,0,0,0,0,0,0,0,0,0,0,0,0,4,0,199,255,97,3,0,1,0,0,0,0,0,0,0,0,0,0,0,0,0,0,0,0,0,0,0,0,0,41,233,255,32,0,2,0,4,8,8,8,8,7,0,0,0,0,0,0,0,0,0,0,0,0,0,2,0,111,249,184,14,0,2,2,157,246,250,249,249,222,67,7,1,0,0,0,0,0,0,0,0,0,0,3,0,164,255,107,3,1,0,168,255,248,242,243,244,252,255,224,93,10,0,0,0,0,0,0,0,0,0,3,0,164,255,70,1,0,106,245,249,66,0,0,0,134,234,251,255,204,56,4,0,0,0,0,0,0,0,3,0,164,255,95,4,0,201,255,110,5,0,2,1,0,4,107,221,252,255,147,17,0,0,0,0,0,0,2,0,105,249,195,21,8,232,244,24,0,1,0,0,1,1,0,12,149,241,255,173,13,0,1,0,0,0,0,2,5,215,255,183,49,230,240,23,0,1,0,0,0,0,0,2,0,74,241,216,17,0,1,0,0,0,0,0,0,44,221,255,236,250,255,110,5,0,0,0,0,0,0,1,0,95,246,203,16,0,1,0,0,0,0,0,0,0,18,179,253,255,239,69,0,0,0,0,0,0,0,2,5,215,255,99,3,0,0,0,0,0,0,0,0,0,3,0,170,250,255,111,9,0,0,0,1,0,1,0,146,252,208,16,0,1,0,0,0,0,0,0,0,0,0,3,0,134,244,255,171,37,3,0,0,0,0,112,246,251,51,0,1,0,0,0,0,0,0,0,0,0,0,0,3,0,101,231,255,254,153,62,12,34,153,252,255,97,4,0,0,0,0,0,0,0,0,0,0,0,0,0,0,1,0,34,171,243,253,255,246,255,252,251,102,3,0,0,0,0,0,0,0,0,0,0,0,0,0,0,0,0,0,0,0,0,0,0,0,0,0,0,0,0,0,0,0,0,0,0,0,0,0,0,0,0,0,0,0,0,0,0,0,0,0,0,0,0,0,0,0,0,0,0,0,0,0,41.0
7,0,0,0,0,0,0,0,0,0,0,0,0,0,0,0,0,0,0,0,0,0,0,0,0,0,0,0,0,0,0,0,0,0,0,0,0,0,0,0,0,0,0,0,0,0,0,0,0,0,0,0,0,0,0,0,0,0,0,0,0,0,0,0,0,0,0,0,0,0,0,0,0,0,0,0,0,0,0,0,0,0,0,0,0,0,0,0,0,0,0,0,0,0,0,0,0,0,1,16,90,152,162,58,1,0,0,0,0,0,0,0,0,0,0,0,0,0,0,0,0,0,3,4,35,105,186,255,255,255,255,175,10,0,1,0,0,0,0,0,0,0,0,0,0,0,0,3,10,57,133,209,255,255,252,247,205,170,250,187,10,0,1,0,0,0,0,0,0,0,0,0,3,10,60,149,231,255,255,251,238,194,106,42,0,60,244,224,13,0,1,0,0,0,0,0,0,2,4,42,137,229,255,255,249,233,157,93,13,0,0,0,2,21,238,251,15,0,1,0,0,0,0,0,0,97,191,255,255,250,232,143,57,4,0,0,1,1,1,0,1,21,236,255,17,0,1,0,0,0,0,0,0,255,252,243,179,82,2,0,0,1,1,0,0,0,0,0,3,0,223,255,17,0,1,0,0,0,0,0,0,190,110,23,0,0,1,1,0,0,0,0,0,0,0,0,3,0,219,255,17,0,1,0,0,0,0,0,0,0,0,1,1,0,0,0,0,0,0,0,0,0,0,0,2,0,224,255,17,0,1,0,0,0,0,0,0,1,1,0,0,0,0,0,0,0,0,0,0,0,0,0,1,23,237,255,17,0,1,0,0,0,0,0,0,0,0,0,0,0,0,0,0,0,0,0,0,0,0,0,1,21,237,255,16,0,2,0,0,0,0,0,0,0,0,0,0,0,0,0,0,0,0,0,0,0,0,0,1,23,240,222,13,0,0,0,4,7,6,0,0,0,0,0,0,0,0,0,0,0,0,0,0,0,0,1,0,68,244,223,11,0,8,71,166,245,221,0,0,0,0,0,0,0,0,0,0,0,0,0,0,0,0,1,0,70,244,223,16,85,215,255,254,250,218,0,0,0,0,0,0,0,0,0,0,0,0,0,0,0,0,1,0,70,246,223,220,255,253,232,138,52,0,0,0,0,0,0,0,0,0,0,0,0,0,0,0,0,0,1,0,112,248,255,251,232,127,13,0,0,1,0,0,0,0,0,0,0,0,0,0,0,0,0,0,0,2,40,165,253,255,240,128,13,0,1,1,0,0,0,0,0,0,0,0,0,0,0,0,0,0,0,2,23,138,248,255,251,255,170,7,0,1,0,0,0,0,0,0,0,0,0,0,0,0,0,0,0,2,7,115,234,255,252,183,163,252,172,10,0,0,0,0,0,0,0,0,0,0,0,0,0,0,0,1,0,67,215,255,251,214,74,0,116,255,135,5,0,0,0,0,0,0,0,0,0,0,0,0,0,0,0,2,0,166,248,236,101,1,0,0,117,255,124,4,0,0,0,0,0,0,0,0,0,0,0,0,0,0,0,0,0,31,85,12,0,1,2,0,117,255,124,4,0,0,0,0,0,0,0,0,0,0,0,0,0,0,0,0,0,0,0,1,1,0,1,0,117,255,124,4,0,0,0,0,0,0,0,0,0,0,0,0,0,0,0,0,0,0,0,0,0,0,1,0,119,255,124,4,0,0,0,0,0,0,0,0,0,0,0,0,0,0,0,0,0,0,0,0,0,0,2,0,161,255,123,5,0,0,0,0,0,0,0,0,42.0
8,0,0,0,0,0,0,0,0,0,0,0,0,0,0,0,0,0,0,0,0,0,0,0,0,0,0,0,0,0,0,0,0,76,249,198,72,4,0,0,0,0,2,19,34,57,77,110,219,221,13,2,0,0,0,0,0,0,0,0,12,155,251,76,0,1,0,0,0,0,0,0,0,0,0,0,167,231,21,1,0,0,0,0,0,0,1,0,21,197,226,24,4,0,0,0,0,0,0,1,2,5,0,26,197,226,22,1,0,0,0,0,0,0,1,0,30,237,207,0,4,0,0,0,0,0,0,0,0,1,0,26,230,218,0,4,0,0,0,0,0,0,1,0,39,255,177,0,3,0,1,0,0,0,0,0,0,3,0,43,255,181,0,5,0,0,0,0,0,0,1,0,41,255,145,0,10,0,0,0,0,0,0,0,0,1,0,85,255,130,0,3,0,0,0,0,0,0,1,0,40,255,207,63,0,1,6,4,3,2,1,0,0,0,11,142,244,75,0,0,0,0,0,0,0,0,0,0,8,128,255,222,115,19,0,0,0,0,0,0,4,0,23,224,228,12,9,3,1,0,0,0,0,0,0,1,0,7,106,230,255,196,141,103,79,63,43,22,3,0,71,255,171,0,0,0,0,2,0,0,0,0,0,0,1,0,0,54,129,232,255,255,249,237,220,198,188,188,210,255,231,185,166,99,20,0,4,0,0,0,0,0,0,1,1,0,3,47,81,113,131,152,195,255,255,255,255,224,206,247,255,255,173,42,0,2,0,0,0,0,0,0,0,3,0,0,0,0,3,9,120,255,255,255,143,51,40,51,63,159,255,197,67,0,1,0,0,0,0,0,0,0,0,3,8,0,0,74,226,250,144,79,16,0,0,0,0,13,124,255,178,0,4,0,0,0,0,0,0,0,2,0,0,38,149,231,255,132,5,0,0,4,2,3,5,0,24,236,202,0,5,0,0,0,0,0,0,1,0,5,119,214,255,226,123,12,0,4,1,0,0,0,1,0,29,224,198,0,5,0,0,0,0,0,1,0,23,164,253,244,114,44,11,0,2,0,0,0,0,0,3,0,34,255,199,0,5,0,0,0,0,0,3,0,47,255,206,55,3,0,0,1,0,0,0,0,0,0,2,0,56,255,164,0,4,0,0,0,0,0,1,0,86,255,131,0,3,2,1,0,0,0,0,0,0,1,0,8,160,248,89,0,2,0,0,0,0,1,0,12,153,244,74,0,1,0,0,0,0,0,0,0,0,1,0,80,255,198,4,2,0,0,0,0,0,2,0,27,227,218,7,2,0,0,0,0,0,0,0,1,2,0,73,232,246,67,0,2,0,0,0,0,0,2,0,60,255,165,0,4,0,0,0,0,0,0,3,0,0,92,231,255,92,0,2,0,0,0,0,0,0,0,3,112,255,107,0,3,0,1,0,0,1,5,0,7,133,241,248,85,0,0,0,0,0,0,0,0,1,0,15,169,237,53,0,0,0,0,2,5,0,0,44,175,255,214,58,0,0,0,0,0,0,0,0,0,1,0,18,187,227,12,9,4,7,5,0,0,26,122,218,255,161,39,0,1,0,0,0,0,0,0,0,0,1,0,20,189,222,18,0,0,0,0,53,123,205,255,229,97,21,0,4,0,0,0,0,0,0,0,0,0,1,0,9,143,255,203,147,116,148,189,236,255,238,120,42,0,0,3,0,0,0,0,0,0,0,0,0,0,0,0,0,22,112,207,248,249,248,212,156,79,31,2,0,1,1,0,0,0,0,0,0,0,0,43.0
9,0,0,0,0,0,0,0,0,0,0,0,0,0,0,0,0,0,0,0,0,0,0,0,0,0,0,0,0,0,0,0,0,0,0,0,0,0,0,0,0,0,0,0,0,0,0,0,0,0,0,0,0,0,0,0,0,0,0,0,0,0,0,0,0,0,0,0,0,0,0,0,0,0,0,0,0,0,0,0,0,0,0,0,0,0,0,0,0,0,0,0,0,0,0,3,0,50,71,66,66,69,47,8,0,1,0,0,0,0,0,0,0,0,0,0,0,0,0,0,2,0,44,119,218,255,255,255,255,255,255,205,135,140,50,0,1,0,0,0,0,0,0,0,0,1,0,28,128,225,255,255,255,254,253,253,253,253,254,255,253,255,176,26,0,2,0,0,0,0,0,0,1,0,42,216,255,253,254,255,224,150,74,60,57,103,170,242,254,255,134,9,0,1,0,0,0,0,0,0,6,0,162,255,254,237,157,53,2,0,0,0,2,0,66,226,255,255,68,0,4,0,0,0,0,0,0,2,0,83,228,255,184,29,0,2,0,0,0,0,3,0,81,231,254,255,68,0,4,0,0,0,0,0,0,4,0,181,255,255,75,0,3,0,0,0,0,0,3,0,80,231,254,255,68,0,4,0,0,0,0,0,0,0,109,237,255,159,20,0,1,0,0,0,0,0,3,0,81,232,254,255,68,0,4,0,0,0,0,0,0,3,199,255,249,57,0,4,0,0,0,0,0,0,6,0,161,255,246,255,68,0,4,0,0,0,0,0,0,101,238,255,119,4,0,0,0,0,0,0,0,2,0,69,224,255,246,255,68,0,4,0,0,0,0,0,0,182,255,222,47,0,3,0,0,0,0,0,0,3,0,167,255,255,250,255,96,0,2,0,0,0,0,0,0,205,255,144,16,0,1,0,0,0,0,0,3,0,110,239,255,212,236,255,176,27,0,2,0,0,0,0,0,230,255,60,0,4,0,0,0,0,0,3,0,96,236,255,242,41,153,255,255,78,0,3,0,0,0,0,0,255,227,47,0,3,0,0,0,0,3,0,96,237,255,255,89,0,55,215,255,161,22,0,1,0,0,0,0,255,188,30,0,2,0,0,0,0,34,184,255,252,255,100,0,7,0,174,255,250,73,0,2,0,0,0,0,255,202,38,0,3,0,2,13,133,244,255,252,246,95,2,0,4,0,106,236,255,162,21,0,1,0,0,0,244,255,243,147,80,116,149,219,255,252,255,170,37,0,0,0,0,5,0,192,255,236,68,0,2,0,0,0,172,255,252,255,255,255,255,255,255,233,89,2,0,0,0,0,0,4,0,119,242,255,176,26,0,2,0,0,11,115,235,255,252,253,253,239,135,16,0,1,0,0,0,0,0,0,3,0,198,255,255,65,0,4,0,0,0,0,4,50,64,63,41,4,0,1,0,0,0,0,0,0,0,0,4,0,105,238,255,215,44,0,0,0,0,0,1,0,0,0,0,1,0,0,0,0,0,0,0,0,0,0,0,0,15,188,255,255,188,46,0,0,0,0,0,0,0,0,0,0,0,0,0,0,0,0,0,0,0,0,0,1,0,39,212,255,255,208,0,0,0,0,0,0,0,0,0,0,0,0,0,0,0,0,0,0,0,0,0,0,2,0,67,210,251,255,0,0,0,0,0,0,0,0,0,0,0,0,0,0,0,0,0,0,0,0,0,0,0,2,0,65,223,255,0,0,0,0,0,0,0,0,0,0,0,0,0,0,0,0,0,0,0,0,0,0,0,0,3,0,76,236,44.0
